-- Insert all Regions
INSERT INTO `Region` (`RegionName`)
VALUES
	('Hoenn'),
	('Johto'),
	('Kanto'),
	('Sinnoh');

-- Insert all Types
INSERT INTO `Type` (`Name`)
VALUES
	('Bug'),
	('Dark'),
	('Dragon'),
	('Electric'),
	('Fairy'),
	('Fighting'),
	('Fire'),
	('Flying'),
	('Ghost'),
	('Grass'),
	('Ground'),
	('Ice'),
	('Normal'),
	('Poison'),
	('Psychic'),
	('Rock'),
	('Steel'),
	('Water');

-- Insert all Pokemon Species (Kanto - Sinnoh) -- data from /initialize/species
INSERT INTO Species (PokedexID, Name, RegionName) VALUES (1, "bulbasaur", "Kanto"), (2, "ivysaur", "Kanto"), (3, "venusaur", "Kanto"), (4, "charmander", "Kanto"), (5, "charmeleon", "Kanto"), (6, "charizard", "Kanto"), (7, "squirtle", "Kanto"), (8, "wartortle", "Kanto"), (9, "blastoise", "Kanto"), (10, "caterpie", "Kanto"), (11, "metapod", "Kanto"), (12, "butterfree", "Kanto"), (13, "weedle", "Kanto"), (14, "kakuna", "Kanto"), (15, "beedrill", "Kanto"), (16, "pidgey", "Kanto"), (17, "pidgeotto", "Kanto"), (18, "pidgeot", "Kanto"), (19, "rattata", "Kanto"), (20, "raticate", "Kanto"), (21, "spearow", "Kanto"), (22, "fearow", "Kanto"), (23, "ekans", "Kanto"), (24, "arbok", "Kanto"), (25, "pikachu", "Kanto"), (26, "raichu", "Kanto"), (27, "sandshrew", "Kanto"), (28, "sandslash", "Kanto"), (29, "nidoran-f", "Kanto"), (30, "nidorina", "Kanto"), (31, "nidoqueen", "Kanto"), (32, "nidoran-m", "Kanto"), (33, "nidorino", "Kanto"), (34, "nidoking", "Kanto"), (35, "clefairy", "Kanto"), (36, "clefable", "Kanto"), (37, "vulpix", "Kanto"), (38, "ninetales", "Kanto"), (39, "jigglypuff", "Kanto"), (40, "wigglytuff", "Kanto"), (41, "zubat", "Kanto"), (42, "golbat", "Kanto"), (43, "oddish", "Kanto"), (44, "gloom", "Kanto"), (45, "vileplume", "Kanto"), (46, "paras", "Kanto"), (47, "parasect", "Kanto"), (48, "venonat", "Kanto"), (49, "venomoth", "Kanto"), (50, "diglett", "Kanto"), (51, "dugtrio", "Kanto"), (52, "meowth", "Kanto"), (53, "persian", "Kanto"), (54, "psyduck", "Kanto"), (55, "golduck", "Kanto"), (56, "mankey", "Kanto"), (57, "primeape", "Kanto"), (58, "growlithe", "Kanto"), (59, "arcanine", "Kanto"), (60, "poliwag", "Kanto"), (61, "poliwhirl", "Kanto"), (62, "poliwrath", "Kanto"), (63, "abra", "Kanto"), (64, "kadabra", "Kanto"), (65, "alakazam", "Kanto"), (66, "machop", "Kanto"), (67, "machoke", "Kanto"), (68, "machamp", "Kanto"), (69, "bellsprout", "Kanto"), (70, "weepinbell", "Kanto"), (71, "victreebel", "Kanto"), (72, "tentacool", "Kanto"), (73, "tentacruel", "Kanto"), (74, "geodude", "Kanto"), (75, "graveler", "Kanto"), (76, "golem", "Kanto"), (77, "ponyta", "Kanto"), (78, "rapidash", "Kanto"), (79, "slowpoke", "Kanto"), (80, "slowbro", "Kanto"), (81, "magnemite", "Kanto"), (82, "magneton", "Kanto"), (83, "farfetchd", "Kanto"), (84, "doduo", "Kanto"), (85, "dodrio", "Kanto"), (86, "seel", "Kanto"), (87, "dewgong", "Kanto"), (88, "grimer", "Kanto"), (89, "muk", "Kanto"), (90, "shellder", "Kanto"), (91, "cloyster", "Kanto"), (92, "gastly", "Kanto"), (93, "haunter", "Kanto"), (94, "gengar", "Kanto"), (95, "onix", "Kanto"), (96, "drowzee", "Kanto"), (97, "hypno", "Kanto"), (98, "krabby", "Kanto"), (99, "kingler", "Kanto"), (100, "voltorb", "Kanto"), (101, "electrode", "Kanto"), (102, "exeggcute", "Kanto"), (103, "exeggutor", "Kanto"), (104, "cubone", "Kanto"), (105, "marowak", "Kanto"), (106, "hitmonlee", "Kanto"), (107, "hitmonchan", "Kanto"), (108, "lickitung", "Kanto"), (109, "koffing", "Kanto"), (110, "weezing", "Kanto"), (111, "rhyhorn", "Kanto"), (112, "rhydon", "Kanto"), (113, "chansey", "Kanto"), (114, "tangela", "Kanto"), (115, "kangaskhan", "Kanto"), (116, "horsea", "Kanto"), (117, "seadra", "Kanto"), (118, "goldeen", "Kanto"), (119, "seaking", "Kanto"), (120, "staryu", "Kanto"), (121, "starmie", "Kanto"), (122, "mr-mime", "Kanto"), (123, "scyther", "Kanto"), (124, "jynx", "Kanto"), (125, "electabuzz", "Kanto"), (126, "magmar", "Kanto"), (127, "pinsir", "Kanto"), (128, "tauros", "Kanto"), (129, "magikarp", "Kanto"), (130, "gyarados", "Kanto"), (131, "lapras", "Kanto"), (132, "ditto", "Kanto"), (133, "eevee", "Kanto"), (134, "vaporeon", "Kanto"), (135, "jolteon", "Kanto"), (136, "flareon", "Kanto"), (137, "porygon", "Kanto"), (138, "omanyte", "Kanto"), (139, "omastar", "Kanto"), (140, "kabuto", "Kanto"), (141, "kabutops", "Kanto"), (142, "aerodactyl", "Kanto"), (143, "snorlax", "Kanto"), (144, "articuno", "Kanto"), (145, "zapdos", "Kanto"), (146, "moltres", "Kanto"), (147, "dratini", "Kanto"), (148, "dragonair", "Kanto"), (149, "dragonite", "Kanto"), (150, "mewtwo", "Kanto"), (151, "mew", "Kanto"), (152, "chikorita", "Johto"), (153, "bayleef", "Johto"), (154, "meganium", "Johto"), (155, "cyndaquil", "Johto"), (156, "quilava", "Johto"), (157, "typhlosion", "Johto"), (158, "totodile", "Johto"), (159, "croconaw", "Johto"), (160, "feraligatr", "Johto"), (161, "sentret", "Johto"), (162, "furret", "Johto"), (163, "hoothoot", "Johto"), (164, "noctowl", "Johto"), (165, "ledyba", "Johto"), (166, "ledian", "Johto"), (167, "spinarak", "Johto"), (168, "ariados", "Johto"), (169, "crobat", "Johto"), (170, "chinchou", "Johto"), (171, "lanturn", "Johto"), (172, "pichu", "Johto"), (173, "cleffa", "Johto"), (174, "igglybuff", "Johto"), (175, "togepi", "Johto"), (176, "togetic", "Johto"), (177, "natu", "Johto"), (178, "xatu", "Johto"), (179, "mareep", "Johto"), (180, "flaaffy", "Johto"), (181, "ampharos", "Johto"), (182, "bellossom", "Johto"), (183, "marill", "Johto"), (184, "azumarill", "Johto"), (185, "sudowoodo", "Johto"), (186, "politoed", "Johto"), (187, "hoppip", "Johto"), (188, "skiploom", "Johto"), (189, "jumpluff", "Johto"), (190, "aipom", "Johto"), (191, "sunkern", "Johto"), (192, "sunflora", "Johto"), (193, "yanma", "Johto"), (194, "wooper", "Johto"), (195, "quagsire", "Johto"), (196, "espeon", "Johto"), (197, "umbreon", "Johto"), (198, "murkrow", "Johto"), (199, "slowking", "Johto"), (200, "misdreavus", "Johto"), (201, "unown", "Johto"), (202, "wobbuffet", "Johto"), (203, "girafarig", "Johto"), (204, "pineco", "Johto"), (205, "forretress", "Johto"), (206, "dunsparce", "Johto"), (207, "gligar", "Johto"), (208, "steelix", "Johto"), (209, "snubbull", "Johto"), (210, "granbull", "Johto"), (211, "qwilfish", "Johto"), (212, "scizor", "Johto"), (213, "shuckle", "Johto"), (214, "heracross", "Johto"), (215, "sneasel", "Johto"), (216, "teddiursa", "Johto"), (217, "ursaring", "Johto"), (218, "slugma", "Johto"), (219, "magcargo", "Johto"), (220, "swinub", "Johto"), (221, "piloswine", "Johto"), (222, "corsola", "Johto"), (223, "remoraid", "Johto"), (224, "octillery", "Johto"), (225, "delibird", "Johto"), (226, "mantine", "Johto"), (227, "skarmory", "Johto"), (228, "houndour", "Johto"), (229, "houndoom", "Johto"), (230, "kingdra", "Johto"), (231, "phanpy", "Johto"), (232, "donphan", "Johto"), (233, "porygon2", "Johto"), (234, "stantler", "Johto"), (235, "smeargle", "Johto"), (236, "tyrogue", "Johto"), (237, "hitmontop", "Johto"), (238, "smoochum", "Johto"), (239, "elekid", "Johto"), (240, "magby", "Johto"), (241, "miltank", "Johto"), (242, "blissey", "Johto"), (243, "raikou", "Johto"), (244, "entei", "Johto"), (245, "suicune", "Johto"), (246, "larvitar", "Johto"), (247, "pupitar", "Johto"), (248, "tyranitar", "Johto"), (249, "lugia", "Johto"), (250, "ho-oh", "Johto"), (251, "celebi", "Johto"), (252, "treecko", "Hoenn"), (253, "grovyle", "Hoenn"), (254, "sceptile", "Hoenn"), (255, "torchic", "Hoenn"), (256, "combusken", "Hoenn"), (257, "blaziken", "Hoenn"), (258, "mudkip", "Hoenn"), (259, "marshtomp", "Hoenn"), (260, "swampert", "Hoenn"), (261, "poochyena", "Hoenn"), (262, "mightyena", "Hoenn"), (263, "zigzagoon", "Hoenn"), (264, "linoone", "Hoenn"), (265, "wurmple", "Hoenn"), (266, "silcoon", "Hoenn"), (267, "beautifly", "Hoenn"), (268, "cascoon", "Hoenn"), (269, "dustox", "Hoenn"), (270, "lotad", "Hoenn"), (271, "lombre", "Hoenn"), (272, "ludicolo", "Hoenn"), (273, "seedot", "Hoenn"), (274, "nuzleaf", "Hoenn"), (275, "shiftry", "Hoenn"), (276, "taillow", "Hoenn"), (277, "swellow", "Hoenn"), (278, "wingull", "Hoenn"), (279, "pelipper", "Hoenn"), (280, "ralts", "Hoenn"), (281, "kirlia", "Hoenn"), (282, "gardevoir", "Hoenn"), (283, "surskit", "Hoenn"), (284, "masquerain", "Hoenn"), (285, "shroomish", "Hoenn"), (286, "breloom", "Hoenn"), (287, "slakoth", "Hoenn"), (288, "vigoroth", "Hoenn"), (289, "slaking", "Hoenn"), (290, "nincada", "Hoenn"), (291, "ninjask", "Hoenn"), (292, "shedinja", "Hoenn"), (293, "whismur", "Hoenn"), (294, "loudred", "Hoenn"), (295, "exploud", "Hoenn"), (296, "makuhita", "Hoenn"), (297, "hariyama", "Hoenn"), (298, "azurill", "Hoenn"), (299, "nosepass", "Hoenn"), (300, "skitty", "Hoenn"), (301, "delcatty", "Hoenn"), (302, "sableye", "Hoenn"), (303, "mawile", "Hoenn"), (304, "aron", "Hoenn"), (305, "lairon", "Hoenn"), (306, "aggron", "Hoenn"), (307, "meditite", "Hoenn"), (308, "medicham", "Hoenn"), (309, "electrike", "Hoenn"), (310, "manectric", "Hoenn"), (311, "plusle", "Hoenn"), (312, "minun", "Hoenn"), (313, "volbeat", "Hoenn"), (314, "illumise", "Hoenn"), (315, "roselia", "Hoenn"), (316, "gulpin", "Hoenn"), (317, "swalot", "Hoenn"), (318, "carvanha", "Hoenn"), (319, "sharpedo", "Hoenn"), (320, "wailmer", "Hoenn"), (321, "wailord", "Hoenn"), (322, "numel", "Hoenn"), (323, "camerupt", "Hoenn"), (324, "torkoal", "Hoenn"), (325, "spoink", "Hoenn"), (326, "grumpig", "Hoenn"), (327, "spinda", "Hoenn"), (328, "trapinch", "Hoenn"), (329, "vibrava", "Hoenn"), (330, "flygon", "Hoenn"), (331, "cacnea", "Hoenn"), (332, "cacturne", "Hoenn"), (333, "swablu", "Hoenn"), (334, "altaria", "Hoenn"), (335, "zangoose", "Hoenn"), (336, "seviper", "Hoenn"), (337, "lunatone", "Hoenn"), (338, "solrock", "Hoenn"), (339, "barboach", "Hoenn"), (340, "whiscash", "Hoenn"), (341, "corphish", "Hoenn"), (342, "crawdaunt", "Hoenn"), (343, "baltoy", "Hoenn"), (344, "claydol", "Hoenn"), (345, "lileep", "Hoenn"), (346, "cradily", "Hoenn"), (347, "anorith", "Hoenn"), (348, "armaldo", "Hoenn"), (349, "feebas", "Hoenn"), (350, "milotic", "Hoenn"), (351, "castform", "Hoenn"), (352, "kecleon", "Hoenn"), (353, "shuppet", "Hoenn"), (354, "banette", "Hoenn"), (355, "duskull", "Hoenn"), (356, "dusclops", "Hoenn"), (357, "tropius", "Hoenn"), (358, "chimecho", "Hoenn"), (359, "absol", "Hoenn"), (360, "wynaut", "Hoenn"), (361, "snorunt", "Hoenn"), (362, "glalie", "Hoenn"), (363, "spheal", "Hoenn"), (364, "sealeo", "Hoenn"), (365, "walrein", "Hoenn"), (366, "clamperl", "Hoenn"), (367, "huntail", "Hoenn"), (368, "gorebyss", "Hoenn"), (369, "relicanth", "Hoenn"), (370, "luvdisc", "Hoenn"), (371, "bagon", "Hoenn"), (372, "shelgon", "Hoenn"), (373, "salamence", "Hoenn"), (374, "beldum", "Hoenn"), (375, "metang", "Hoenn"), (376, "metagross", "Hoenn"), (377, "regirock", "Hoenn"), (378, "regice", "Hoenn"), (379, "registeel", "Hoenn"), (380, "latias", "Hoenn"), (381, "latios", "Hoenn"), (382, "kyogre", "Hoenn"), (383, "groudon", "Hoenn"), (384, "rayquaza", "Hoenn"), (385, "jirachi", "Hoenn"), (386, "deoxys", "Hoenn"), (387, "turtwig", "Sinnoh"), (388, "grotle", "Sinnoh"), (389, "torterra", "Sinnoh"), (390, "chimchar", "Sinnoh"), (391, "monferno", "Sinnoh"), (392, "infernape", "Sinnoh"), (393, "piplup", "Sinnoh"), (394, "prinplup", "Sinnoh"), (395, "empoleon", "Sinnoh"), (396, "starly", "Sinnoh"), (397, "staravia", "Sinnoh"), (398, "staraptor", "Sinnoh"), (399, "bidoof", "Sinnoh"), (400, "bibarel", "Sinnoh"), (401, "kricketot", "Sinnoh"), (402, "kricketune", "Sinnoh"), (403, "shinx", "Sinnoh"), (404, "luxio", "Sinnoh"), (405, "luxray", "Sinnoh"), (406, "budew", "Sinnoh"), (407, "roserade", "Sinnoh"), (408, "cranidos", "Sinnoh"), (409, "rampardos", "Sinnoh"), (410, "shieldon", "Sinnoh"), (411, "bastiodon", "Sinnoh"), (412, "burmy", "Sinnoh"), (413, "wormadam", "Sinnoh"), (414, "mothim", "Sinnoh"), (415, "combee", "Sinnoh"), (416, "vespiquen", "Sinnoh"), (417, "pachirisu", "Sinnoh"), (418, "buizel", "Sinnoh"), (419, "floatzel", "Sinnoh"), (420, "cherubi", "Sinnoh"), (421, "cherrim", "Sinnoh"), (422, "shellos", "Sinnoh"), (423, "gastrodon", "Sinnoh"), (424, "ambipom", "Sinnoh"), (425, "drifloon", "Sinnoh"), (426, "drifblim", "Sinnoh"), (427, "buneary", "Sinnoh"), (428, "lopunny", "Sinnoh"), (429, "mismagius", "Sinnoh"), (430, "honchkrow", "Sinnoh"), (431, "glameow", "Sinnoh"), (432, "purugly", "Sinnoh"), (433, "chingling", "Sinnoh"), (434, "stunky", "Sinnoh"), (435, "skuntank", "Sinnoh"), (436, "bronzor", "Sinnoh"), (437, "bronzong", "Sinnoh"), (438, "bonsly", "Sinnoh"), (439, "mime-jr", "Sinnoh"), (440, "happiny", "Sinnoh"), (441, "chatot", "Sinnoh"), (442, "spiritomb", "Sinnoh"), (443, "gible", "Sinnoh"), (444, "gabite", "Sinnoh"), (445, "garchomp", "Sinnoh"), (446, "munchlax", "Sinnoh"), (447, "riolu", "Sinnoh"), (448, "lucario", "Sinnoh"), (449, "hippopotas", "Sinnoh"), (450, "hippowdon", "Sinnoh"), (451, "skorupi", "Sinnoh"), (452, "drapion", "Sinnoh"), (453, "croagunk", "Sinnoh"), (454, "toxicroak", "Sinnoh"), (455, "carnivine", "Sinnoh"), (456, "finneon", "Sinnoh"), (457, "lumineon", "Sinnoh"), (458, "mantyke", "Sinnoh"), (459, "snover", "Sinnoh"), (460, "abomasnow", "Sinnoh"), (461, "weavile", "Sinnoh"), (462, "magnezone", "Sinnoh"), (463, "lickilicky", "Sinnoh"), (464, "rhyperior", "Sinnoh"), (465, "tangrowth", "Sinnoh"), (466, "electivire", "Sinnoh"), (467, "magmortar", "Sinnoh"), (468, "togekiss", "Sinnoh"), (469, "yanmega", "Sinnoh"), (470, "leafeon", "Sinnoh"), (471, "glaceon", "Sinnoh"), (472, "gliscor", "Sinnoh"), (473, "mamoswine", "Sinnoh"), (474, "porygon-z", "Sinnoh"), (475, "gallade", "Sinnoh"), (476, "probopass", "Sinnoh"), (477, "dusknoir", "Sinnoh"), (478, "froslass", "Sinnoh"), (479, "rotom", "Sinnoh"), (480, "uxie", "Sinnoh"), (481, "mesprit", "Sinnoh"), (482, "azelf", "Sinnoh"), (483, "dialga", "Sinnoh"), (484, "palkia", "Sinnoh"), (485, "heatran", "Sinnoh"), (486, "regigigas", "Sinnoh"), (487, "giratina", "Sinnoh"), (488, "cresselia", "Sinnoh"), (489, "phione", "Sinnoh"), (490, "manaphy", "Sinnoh"), (491, "darkrai", "Sinnoh"), (492, "shaymin", "Sinnoh"), (493, "arceus", "Sinnoh");1

-- Insert all Pokemon Species Types
INSERT INTO SpeciesHasType (PokedexID, TypeName) VALUES (1, "grass"),(1, "poison"),(2, "grass"),(2, "poison"),(3, "grass"),(3, "poison"),(4, "fire"),(5, "fire"),(6, "fire"),(6, "flying"),(7, "water"),(8, "water"),(9, "water"),(10, "bug"),(11, "bug"),(12, "bug"),(12, "flying"),(13, "bug"),(13, "poison"),(14, "bug"),(14, "poison"),(15, "bug"),(15, "poison"),(16, "normal"),(16, "flying"),(17, "normal"),(17, "flying"),(18, "normal"),(18, "flying"),(19, "normal"),(20, "normal"),(21, "normal"),(21, "flying"),(22, "normal"),(22, "flying"),(23, "poison"),(24, "poison"),(25, "electric"),(26, "electric"),(27, "ground"),(28, "ground"),(29, "poison"),(30, "poison"),(31, "poison"),(31, "ground"),(32, "poison"),(33, "poison"),(34, "poison"),(34, "ground"),(35, "fairy"),(36, "fairy"),(37, "fire"),(38, "fire"),(39, "normal"),(39, "fairy"),(40, "normal"),(40, "fairy"),(41, "poison"),(41, "flying"),(42, "poison"),(42, "flying"),(43, "grass"),(43, "poison"),(44, "grass"),(44, "poison"),(45, "grass"),(45, "poison"),(46, "bug"),(46, "grass"),(47, "bug"),(47, "grass"),(48, "bug"),(48, "poison"),(49, "bug"),(49, "poison"),(50, "ground"),(51, "ground"),(52, "normal"),(53, "normal"),(54, "water"),(55, "water"),(56, "fighting"),(57, "fighting"),(58, "fire"),(59, "fire"),(60, "water"),(61, "water"),(62, "water"),(62, "fighting"),(63, "psychic"),(64, "psychic"),(65, "psychic"),(66, "fighting"),(67, "fighting"),(68, "fighting"),(69, "grass"),(69, "poison"),(70, "grass"),(70, "poison"),(71, "grass"),(71, "poison"),(72, "water"),(72, "poison"),(73, "water"),(73, "poison"),(74, "rock"),(74, "ground"),(75, "rock"),(75, "ground"),(76, "rock"),(76, "ground"),(77, "fire"),(78, "fire"),(79, "water"),(79, "psychic"),(80, "water"),(80, "psychic"),(81, "electric"),(81, "steel"),(82, "electric"),(82, "steel"),(83, "normal"),(83, "flying"),(84, "normal"),(84, "flying"),(85, "normal"),(85, "flying"),(86, "water"),(87, "water"),(87, "ice"),(88, "poison"),(89, "poison"),(90, "water"),(91, "water"),(91, "ice"),(92, "ghost"),(92, "poison"),(93, "ghost"),(93, "poison"),(94, "ghost"),(94, "poison"),(95, "rock"),(95, "ground"),(96, "psychic"),(97, "psychic"),(98, "water"),(99, "water"),(100, "electric"),(101, "electric"),(102, "grass"),(102, "psychic"),(103, "grass"),(103, "psychic"),(104, "ground"),(105, "ground"),(106, "fighting"),(107, "fighting"),(108, "normal"),(109, "poison"),(110, "poison"),(111, "ground"),(111, "rock"),(112, "ground"),(112, "rock"),(113, "normal"),(114, "grass"),(115, "normal"),(116, "water"),(117, "water"),(118, "water"),(119, "water"),(120, "water"),(121, "water"),(121, "psychic"),(122, "psychic"),(122, "fairy"),(123, "bug"),(123, "flying"),(124, "ice"),(124, "psychic"),(125, "electric"),(126, "fire"),(127, "bug"),(128, "normal"),(129, "water"),(130, "water"),(130, "flying"),(131, "water"),(131, "ice"),(132, "normal"),(133, "normal"),(134, "water"),(135, "electric"),(136, "fire"),(137, "normal"),(138, "rock"),(138, "water"),(139, "rock"),(139, "water"),(140, "rock"),(140, "water"),(141, "rock"),(141, "water"),(142, "rock"),(142, "flying"),(143, "normal"),(144, "ice"),(144, "flying"),(145, "electric"),(145, "flying"),(146, "fire"),(146, "flying"),(147, "dragon"),(148, "dragon"),(149, "dragon"),(149, "flying"),(150, "psychic"),(151, "psychic"),(152, "grass"),(153, "grass"),(154, "grass"),(155, "fire"),(156, "fire"),(157, "fire"),(158, "water"),(159, "water"),(160, "water"),(161, "normal"),(162, "normal"),(163, "normal"),(163, "flying"),(164, "normal"),(164, "flying"),(165, "bug"),(165, "flying"),(166, "bug"),(166, "flying"),(167, "bug"),(167, "poison"),(168, "bug"),(168, "poison"),(169, "poison"),(169, "flying"),(170, "water"),(170, "electric"),(171, "water"),(171, "electric"),(172, "electric"),(173, "fairy"),(174, "normal"),(174, "fairy"),(175, "fairy"),(176, "fairy"),(176, "flying"),(177, "psychic"),(177, "flying"),(178, "psychic"),(178, "flying"),(179, "electric"),(180, "electric"),(181, "electric"),(182, "grass"),(183, "water"),(183, "fairy"),(184, "water"),(184, "fairy"),(185, "rock"),(186, "water"),(187, "grass"),(187, "flying"),(188, "grass"),(188, "flying"),(189, "grass"),(189, "flying"),(190, "normal"),(191, "grass"),(192, "grass"),(193, "bug"),(193, "flying"),(194, "water"),(194, "ground"),(195, "water"),(195, "ground"),(196, "psychic"),(197, "dark"),(198, "dark"),(198, "flying"),(199, "water"),(199, "psychic"),(200, "ghost"),(201, "psychic"),(202, "psychic"),(203, "normal"),(203, "psychic"),(204, "bug"),(205, "bug"),(205, "steel"),(206, "normal"),(207, "ground"),(207, "flying"),(208, "steel"),(208, "ground"),(209, "fairy"),(210, "fairy"),(211, "water"),(211, "poison"),(212, "bug"),(212, "steel"),(213, "bug"),(213, "rock"),(214, "bug"),(214, "fighting"),(215, "dark"),(215, "ice"),(216, "normal"),(217, "normal"),(218, "fire"),(219, "fire"),(219, "rock"),(220, "ice"),(220, "ground"),(221, "ice"),(221, "ground"),(222, "water"),(222, "rock"),(223, "water"),(224, "water"),(225, "ice"),(225, "flying"),(226, "water"),(226, "flying"),(227, "steel"),(227, "flying"),(228, "dark"),(228, "fire"),(229, "dark"),(229, "fire"),(230, "water"),(230, "dragon"),(231, "ground"),(232, "ground"),(233, "normal"),(234, "normal"),(235, "normal"),(236, "fighting"),(237, "fighting"),(238, "ice"),(238, "psychic"),(239, "electric"),(240, "fire"),(241, "normal"),(242, "normal"),(243, "electric"),(244, "fire"),(245, "water"),(246, "rock"),(246, "ground"),(247, "rock"),(247, "ground"),(248, "rock"),(248, "dark"),(249, "psychic"),(249, "flying"),(250, "fire"),(250, "flying"),(251, "psychic"),(251, "grass"),(252, "grass"),(253, "grass"),(254, "grass"),(255, "fire"),(256, "fire"),(256, "fighting"),(257, "fire"),(257, "fighting"),(258, "water"),(259, "water"),(259, "ground"),(260, "water"),(260, "ground"),(261, "dark"),(262, "dark"),(263, "normal"),(264, "normal"),(265, "bug"),(266, "bug"),(267, "bug"),(267, "flying"),(268, "bug"),(269, "bug"),(269, "poison"),(270, "water"),(270, "grass"),(271, "water"),(271, "grass"),(272, "water"),(272, "grass"),(273, "grass"),(274, "grass"),(274, "dark"),(275, "grass"),(275, "dark"),(276, "normal"),(276, "flying"),(277, "normal"),(277, "flying"),(278, "water"),(278, "flying"),(279, "water"),(279, "flying"),(280, "psychic"),(280, "fairy"),(281, "psychic"),(281, "fairy"),(282, "psychic"),(282, "fairy"),(283, "bug"),(283, "water"),(284, "bug"),(284, "flying"),(285, "grass"),(286, "grass"),(286, "fighting"),(287, "normal"),(288, "normal"),(289, "normal"),(290, "bug"),(290, "ground"),(291, "bug"),(291, "flying"),(292, "bug"),(292, "ghost"),(293, "normal"),(294, "normal"),(295, "normal"),(296, "fighting"),(297, "fighting"),(298, "normal"),(298, "fairy"),(299, "rock"),(300, "normal"),(301, "normal"),(302, "dark"),(302, "ghost"),(303, "steel"),(303, "fairy"),(304, "steel"),(304, "rock"),(305, "steel"),(305, "rock"),(306, "steel"),(306, "rock"),(307, "fighting"),(307, "psychic"),(308, "fighting"),(308, "psychic"),(309, "electric"),(310, "electric"),(311, "electric"),(312, "electric"),(313, "bug"),(314, "bug"),(315, "grass"),(315, "poison"),(316, "poison"),(317, "poison"),(318, "water"),(318, "dark"),(319, "water"),(319, "dark"),(320, "water"),(321, "water"),(322, "fire"),(322, "ground"),(323, "fire"),(323, "ground"),(324, "fire"),(325, "psychic"),(326, "psychic"),(327, "normal"),(328, "ground"),(329, "ground"),(329, "dragon"),(330, "ground"),(330, "dragon"),(331, "grass"),(332, "grass"),(332, "dark"),(333, "normal"),(333, "flying"),(334, "dragon"),(334, "flying"),(335, "normal"),(336, "poison"),(337, "rock"),(337, "psychic"),(338, "rock"),(338, "psychic"),(339, "water"),(339, "ground"),(340, "water"),(340, "ground"),(341, "water"),(342, "water"),(342, "dark"),(343, "ground"),(343, "psychic"),(344, "ground"),(344, "psychic"),(345, "rock"),(345, "grass"),(346, "rock"),(346, "grass"),(347, "rock"),(347, "bug"),(348, "rock"),(348, "bug"),(349, "water"),(350, "water"),(351, "normal"),(352, "normal"),(353, "ghost"),(354, "ghost"),(355, "ghost"),(356, "ghost"),(357, "grass"),(357, "flying"),(358, "psychic"),(359, "dark"),(360, "psychic"),(361, "ice"),(362, "ice"),(363, "ice"),(363, "water"),(364, "ice"),(364, "water"),(365, "ice"),(365, "water"),(366, "water"),(367, "water"),(368, "water"),(369, "water"),(369, "rock"),(370, "water"),(371, "dragon"),(372, "dragon"),(373, "dragon"),(373, "flying"),(374, "steel"),(374, "psychic"),(375, "steel"),(375, "psychic"),(376, "steel"),(376, "psychic"),(377, "rock"),(378, "ice"),(379, "steel"),(380, "dragon"),(380, "psychic"),(381, "dragon"),(381, "psychic"),(382, "water"),(383, "ground"),(384, "dragon"),(384, "flying"),(385, "steel"),(385, "psychic"),(386, "psychic"),(387, "grass"),(388, "grass"),(389, "grass"),(389, "ground"),(390, "fire"),(391, "fire"),(391, "fighting"),(392, "fire"),(392, "fighting"),(393, "water"),(394, "water"),(395, "water"),(395, "steel"),(396, "normal"),(396, "flying"),(397, "normal"),(397, "flying"),(398, "normal"),(398, "flying"),(399, "normal"),(400, "normal"),(400, "water"),(401, "bug"),(402, "bug"),(403, "electric"),(404, "electric"),(405, "electric"),(406, "grass"),(406, "poison"),(407, "grass"),(407, "poison"),(408, "rock"),(409, "rock"),(410, "rock"),(410, "steel"),(411, "rock"),(411, "steel"),(412, "bug"),(413, "bug"),(413, "grass"),(414, "bug"),(414, "flying"),(415, "bug"),(415, "flying"),(416, "bug"),(416, "flying"),(417, "electric"),(418, "water"),(419, "water"),(420, "grass"),(421, "grass"),(422, "water"),(423, "water"),(423, "ground"),(424, "normal"),(425, "ghost"),(425, "flying"),(426, "ghost"),(426, "flying"),(427, "normal"),(428, "normal"),(429, "ghost"),(430, "dark"),(430, "flying"),(431, "normal"),(432, "normal"),(433, "psychic"),(434, "poison"),(434, "dark"),(435, "poison"),(435, "dark"),(436, "steel"),(436, "psychic"),(437, "steel"),(437, "psychic"),(438, "rock"),(439, "psychic"),(439, "fairy"),(440, "normal"),(441, "normal"),(441, "flying"),(442, "ghost"),(442, "dark"),(443, "dragon"),(443, "ground"),(444, "dragon"),(444, "ground"),(445, "dragon"),(445, "ground"),(446, "normal"),(447, "fighting"),(448, "fighting"),(448, "steel"),(449, "ground"),(450, "ground"),(451, "poison"),(451, "bug"),(452, "poison"),(452, "dark"),(453, "poison"),(453, "fighting"),(454, "poison"),(454, "fighting"),(455, "grass"),(456, "water"),(457, "water"),(458, "water"),(458, "flying"),(459, "grass"),(459, "ice"),(460, "grass"),(460, "ice"),(461, "dark"),(461, "ice"),(462, "electric"),(462, "steel"),(463, "normal"),(464, "ground"),(464, "rock"),(465, "grass"),(466, "electric"),(467, "fire"),(468, "fairy"),(468, "flying"),(469, "bug"),(469, "flying"),(470, "grass"),(471, "ice"),(472, "ground"),(472, "flying"),(473, "ice"),(473, "ground"),(474, "normal"),(475, "psychic"),(475, "fighting"),(476, "rock"),(476, "steel"),(477, "ghost"),(478, "ice"),(478, "ghost"),(479, "electric"),(479, "ghost"),(480, "psychic"),(481, "psychic"),(482, "psychic"),(483, "steel"),(483, "dragon"),(484, "water"),(484, "dragon"),(485, "fire"),(485, "steel"),(486, "normal"),(487, "ghost"),(487, "dragon"),(488, "psychic"),(489, "water"),(490, "water"),(491, "dark"),(492, "grass"),(493, "normal");

-- Insert all Locations
INSERT INTO Location (Name, RegionName) VALUES ("canalave-city", "sinnoh"),("eterna-city", "sinnoh"),("pastoria-city", "sinnoh"),("sunyshore-city", "sinnoh"),("sinnoh-pokemon-league", "sinnoh"),("oreburgh-mine", "sinnoh"),("valley-windworks", "sinnoh"),("eterna-forest", "sinnoh"),("fuego-ironworks", "sinnoh"),("mt-coronet", "sinnoh"),("great-marsh", "sinnoh"),("solaceon-ruins", "sinnoh"),("sinnoh-victory-road", "sinnoh"),("ravaged-path", "sinnoh"),("oreburgh-gate", "sinnoh"),("stark-mountain", "sinnoh"),("spring-path", "sinnoh"),("turnback-cave", "sinnoh"),("snowpoint-temple", "sinnoh"),("wayward-cave", "sinnoh"),("ruin-maniac-cave", "sinnoh"),("trophy-garden", "sinnoh"),("iron-island", "sinnoh"),("old-chateau", "sinnoh"),("lake-verity", "sinnoh"),("lake-valor", "sinnoh"),("lake-acuity", "sinnoh"),("valor-lakefront", "sinnoh"),("acuity-lakefront", "sinnoh"),("sinnoh-route-201", "sinnoh"),("sinnoh-route-202", "sinnoh"),("sinnoh-route-203", "sinnoh"),("sinnoh-route-204", "sinnoh"),("sinnoh-route-205", "sinnoh"),("sinnoh-route-206", "sinnoh"),("sinnoh-route-207", "sinnoh"),("sinnoh-route-208", "sinnoh"),("sinnoh-route-209", "sinnoh"),("lost-tower", "sinnoh"),("sinnoh-route-210", "sinnoh"),("sinnoh-route-211", "sinnoh"),("sinnoh-route-212", "sinnoh"),("sinnoh-route-213", "sinnoh"),("sinnoh-route-214", "sinnoh"),("sinnoh-route-215", "sinnoh"),("sinnoh-route-216", "sinnoh"),("sinnoh-route-217", "sinnoh"),("sinnoh-route-218", "sinnoh"),("sinnoh-route-219", "sinnoh"),("sinnoh-route-221", "sinnoh"),("sinnoh-route-222", "sinnoh"),("sinnoh-route-224", "sinnoh"),("sinnoh-route-225", "sinnoh"),("sinnoh-route-227", "sinnoh"),("sinnoh-route-228", "sinnoh"),("sinnoh-route-229", "sinnoh"),("twinleaf-town", "sinnoh"),("celestic-town", "sinnoh"),("resort-area", "sinnoh"),("sinnoh-sea-route-220", "sinnoh"),("sinnoh-sea-route-223", "sinnoh"),("sinnoh-sea-route-226", "sinnoh"),("sinnoh-sea-route-230", "sinnoh"),("blackthorn-city", "johto"),("burned-tower", "johto"),("celadon-city", "kanto"),("cerulean-city", "kanto"),("cherrygrove-city", "johto"),("cianwood-city", "johto"),("cinnabar-island", "kanto"),("dark-cave", "johto"),("digletts-cave", "kanto"),("dragons-den", "johto"),("ecruteak-city", "johto"),("fuchsia-city", "kanto"),("ice-path", "johto"),("ilex-forest", "johto"),("lake-of-rage", "johto"),("mt-moon", "kanto"),("mt-mortar", "johto"),("mt-silver", "johto"),("national-park", "johto"),("new-bark-town", "johto"),("olivine-city", "johto"),("pallet-town", "kanto"),("rock-tunnel", "kanto"),("kanto-route-1", "kanto"),("kanto-route-10", "kanto"),("kanto-route-11", "kanto"),("kanto-route-12", "kanto"),("kanto-route-13", "kanto"),("kanto-route-14", "kanto"),("kanto-route-15", "kanto"),("kanto-route-16", "kanto"),("kanto-route-17", "kanto"),("kanto-route-18", "kanto"),("kanto-sea-route-19", "kanto"),("kanto-route-2", "kanto"),("kanto-sea-route-20", "kanto"),("kanto-sea-route-21", "kanto"),("kanto-route-22", "kanto"),("kanto-route-24", "kanto"),("kanto-route-25", "kanto"),("kanto-route-26", "kanto"),("kanto-route-27", "kanto"),("kanto-route-28", "kanto"),("johto-route-29", "johto"),("kanto-route-3", "kanto"),("johto-route-30", "johto"),("johto-route-31", "johto"),("johto-route-32", "johto"),("johto-route-33", "johto"),("johto-route-34", "johto"),("johto-route-35", "johto"),("johto-route-36", "johto"),("johto-route-37", "johto"),("johto-route-38", "johto"),("johto-route-39", "johto"),("kanto-route-4", "kanto"),("johto-sea-route-40", "johto"),("johto-sea-route-41", "johto"),("johto-route-42", "johto"),("johto-route-43", "johto"),("johto-route-44", "johto"),("johto-route-45", "johto"),("johto-route-46", "johto"),("johto-route-47", "johto"),("johto-route-48", "johto"),("kanto-route-5", "kanto"),("kanto-route-6", "kanto"),("kanto-route-7", "kanto"),("kanto-route-8", "kanto"),("kanto-route-9", "kanto"),("ruins-of-alph", "johto"),("seafoam-islands", "kanto"),("slowpoke-well", "johto"),("sprout-tower", "johto"),("bell-tower", "johto"),("tohjo-falls", "johto"),("union-cave", "johto"),("cerulean-cave", "kanto"),("unknown-all-poliwag", "johto"),("unknown-all-rattata", "johto"),("unknown-all-bugs", "johto"),("vermilion-city", "kanto"),("kanto-victory-road-1", "kanto"),("violet-city", "johto"),("viridian-city", "kanto"),("viridian-forest", "kanto"),("whirl-islands", "johto"),("kanto-route-23", "kanto"),("power-plant", "kanto"),("kanto-victory-road-2", "kanto"),("pokemon-tower", "kanto"),("pokemon-mansion", "kanto"),("kanto-safari-zone", "kanto"),("sandgem-town", "sinnoh"),("floaroma-town", "sinnoh"),("solaceon-town", "sinnoh"),("jubilife-city", "sinnoh"),("oreburgh-city", "sinnoh"),("hearthome-city", "sinnoh"),("veilstone-city", "sinnoh"),("snowpoint-city", "sinnoh"),("spear-pillar", "sinnoh"),("pal-park", "sinnoh"),("amity-square", "sinnoh"),("floaroma-meadow", "sinnoh"),("fullmoon-island", "sinnoh"),("sendoff-spring", "sinnoh"),("flower-paradise", "sinnoh"),("maniac-tunnel", "sinnoh"),("galactic-hq", "sinnoh"),("verity-lakefront", "sinnoh"),("newmoon-island", "sinnoh"),("sinnoh-battle-tower", "sinnoh"),("fight-area", "sinnoh"),("survival-area", "sinnoh"),("seabreak-path", "sinnoh"),("sinnoh-hall-of-origin-1", "sinnoh"),("sinnoh-hall-of-origin-2", "sinnoh"),("verity-cavern", "sinnoh"),("valor-cavern", "sinnoh"),("acuity-cavern", "sinnoh"),("jubilife-tv", "sinnoh"),("poketch-co", "sinnoh"),("gts", "sinnoh"),("trainers-school", "sinnoh"),("mining-museum", "sinnoh"),("sinnoh-flower-shop", "sinnoh"),("sinnoh-cycle-shop", "sinnoh"),("contest-hall", "sinnoh"),("poffin-house", "sinnoh"),("sinnoh-foreign-building", "sinnoh"),("pokemon-day-care", "sinnoh"),("veilstone-store", "sinnoh"),("sinnoh-game-corner", "sinnoh"),("canalave-library", "sinnoh"),("vista-lighthouse", "sinnoh"),("sunyshore-market", "sinnoh"),("footstep-house", "sinnoh"),("sinnoh-cafe", "sinnoh"),("grand-lake", "sinnoh"),("sinnoh-restaurant", "sinnoh"),("battle-park", "sinnoh"),("battle-frontier", "sinnoh"),("battle-factory", "sinnoh"),("battle-castle", "sinnoh"),("battle-arcade", "sinnoh"),("battle-hall", "sinnoh"),("distortion-world", "sinnoh"),("sinnoh-global-terminal", "sinnoh"),("sinnoh-villa", "sinnoh"),("battleground", "sinnoh"),("rotoms-room", "sinnoh"),("tg-eterna-bldg", "sinnoh"),("iron-ruins", "sinnoh"),("iceberg-ruins", "sinnoh"),("rock-peak-ruins", "sinnoh"),("azalea-town", "johto"),("goldenrod-city", "johto"),("mahogany-town", "johto"),("pewter-city", "kanto"),("lavender-town", "kanto"),("indigo-plateau", "kanto"),("saffron-city", "kanto"),("johto-lighthouse", "johto"),("team-rocket-hq", "johto"),("goldenrod-tunnel", "johto"),("mt-silver-cave", "johto"),("pokeathlon-dome", "johto"),("ss-aqua", "johto"),("safari-zone-gate", "johto"),("cliff-cave", "johto"),("frontier-access", "johto"),("bellchime-trail", "johto"),("sinjoh-ruins", "johto"),("embedded-tower", "johto"),("pokewalker", "johto"),("cliff-edge-gate", "johto"),("radio-tower", "johto"),("petalburg-city", "hoenn"),("slateport-city", "hoenn"),("lilycove-city", "hoenn"),("mossdeep-city", "hoenn"),("sootopolis-city", "hoenn"),("ever-grande-city", "hoenn"),("meteor-falls", "hoenn"),("rusturf-tunnel", "hoenn"),("granite-cave", "hoenn"),("petalburg-woods", "hoenn"),("jagged-pass", "hoenn"),("fiery-path", "hoenn"),("mt-pyre", "hoenn"),("seafloor-cavern", "hoenn"),("cave-of-origin", "hoenn"),("hoenn-victory-road", "hoenn"),("shoal-cave", "hoenn"),("new-mauville", "hoenn"),("abandoned-ship", "hoenn"),("sky-pillar", "hoenn"),("hoenn-route-101", "hoenn"),("hoenn-route-102", "hoenn"),("hoenn-route-103", "hoenn"),("hoenn-route-104", "hoenn"),("hoenn-route-105", "hoenn"),("hoenn-route-106", "hoenn"),("hoenn-route-107", "hoenn"),("hoenn-route-108", "hoenn"),("hoenn-route-109", "hoenn"),("hoenn-route-110", "hoenn"),("hoenn-route-111", "hoenn"),("hoenn-route-112", "hoenn"),("hoenn-route-113", "hoenn"),("hoenn-route-114", "hoenn"),("hoenn-route-115", "hoenn"),("hoenn-route-116", "hoenn"),("hoenn-route-117", "hoenn"),("hoenn-route-118", "hoenn"),("hoenn-route-119", "hoenn"),("hoenn-route-120", "hoenn"),("hoenn-route-121", "hoenn"),("hoenn-route-122", "hoenn"),("hoenn-route-123", "hoenn"),("hoenn-route-124", "hoenn"),("hoenn-route-125", "hoenn"),("hoenn-route-126", "hoenn"),("hoenn-route-127", "hoenn"),("hoenn-route-128", "hoenn"),("hoenn-route-129", "hoenn"),("hoenn-route-130", "hoenn"),("hoenn-route-131", "hoenn"),("hoenn-route-132", "hoenn"),("hoenn-route-133", "hoenn"),("hoenn-route-134", "hoenn"),("hoenn-safari-zone", "hoenn"),("dewford-town", "hoenn"),("pacifidlog-town", "hoenn"),("magma-hideout", "hoenn"),("mirage-tower", "hoenn"),("desert-underpass", "hoenn"),("artisan-cave", "hoenn"),("hoenn-altering-cave", "hoenn"),("monean-chamber", "kanto"),("liptoo-chamber", "kanto"),("weepth-chamber", "kanto"),("dilford-chamber", "kanto"),("scufib-chamber", "kanto"),("rixy-chamber", "kanto"),("viapos-chamber", "kanto"),("ss-anne", "kanto"),("mt-ember", "kanto"),("berry-forest", "kanto"),("icefall-cave", "kanto"),("pattern-bush", "kanto"),("lost-cave", "kanto"),("kindle-road", "kanto"),("treasure-beach", "kanto"),("cape-brink", "kanto"),("bond-bridge", "kanto"),("three-isle-port", "kanto"),("resort-gorgeous", "kanto"),("water-labyrinth", "kanto"),("five-isle-meadow", "kanto"),("memorial-pillar", "kanto"),("outcast-island", "kanto"),("green-path", "kanto"),("water-path", "kanto"),("ruin-valley", "kanto"),("trainer-tower", "kanto"),("canyon-entrance", "kanto"),("sevault-canyon", "kanto"),("tanoby-ruins", "kanto"),("one-island", "kanto"),("four-island", "kanto"),("five-island", "kanto"),("kanto-altering-cave", "kanto"),("littleroot-town", "hoenn"),("oldale-town", "hoenn"),("lavaridge-town", "hoenn"),("fallarbor-town", "hoenn"),("verdanturf-town", "hoenn"),("mauville-city", "hoenn"),("rustboro-city", "hoenn"),("fortree-city", "hoenn"),("underwater", "hoenn"),("mt-chimney", "hoenn"),("mirage-island", "hoenn"),("southern-island", "hoenn"),("sealed-chamber", "hoenn"),("scorched-slab", "hoenn"),("island-cave", "hoenn"),("desert-ruins", "hoenn"),("ancient-tomb", "hoenn"),("inside-of-truck", "hoenn"),("secret-base", "hoenn"),("hoenn-battle-tower", "hoenn"),("hoenn-pokemon-league", "hoenn"),("team-aqua-hideout", "hoenn"),("sea-mauville", "hoenn"),("team-magma-hideout", "hoenn"),("battle-resort", "hoenn"),("ss-tidal", "hoenn"),("mirage-forest", "hoenn"),("mirage-cave", "hoenn"),("mirage-mountain", "hoenn"),("trackless-forest", "hoenn"),("pathless-plain", "hoenn"),("nameless-cavern", "hoenn"),("fabled-cave", "hoenn"),("gnarled-den", "hoenn"),("crescent-isle", "hoenn"),("secret-islet", "hoenn"),("soaring-in-the-sky", "hoenn"),("secret-shore", "hoenn"),("secret-meadow", "hoenn");

-- Insert Moves
INSERT INTO Move (Name, Type, Power, Accuracy, Effect) VALUES ("pound", "normal", "40", "100", "physical"),("karate-chop", "fighting", "50", "100", "physical"),("double-slap", "normal", "15", "85", "physical"),("comet-punch", "normal", "18", "85", "physical"),("mega-punch", "normal", "80", "85", "physical"),("pay-day", "normal", "40", "100", "physical"),("fire-punch", "fire", "75", "100", "physical"),("ice-punch", "ice", "75", "100", "physical"),("thunder-punch", "electric", "75", "100", "physical"),("scratch", "normal", "40", "100", "physical"),("vise-grip", "normal", "55", "100", "physical"),("guillotine", "normal", "null", "30", "physical"),("razor-wind", "normal", "80", "100", "special"),("swords-dance", "normal", "null", "null", "status"),("cut", "normal", "50", "95", "physical"),("gust", "flying", "40", "100", "special"),("wing-attack", "flying", "60", "100", "physical"),("whirlwind", "normal", "null", "null", "status"),("fly", "flying", "90", "95", "physical"),("bind", "normal", "15", "85", "physical"),("slam", "normal", "80", "75", "physical"),("vine-whip", "grass", "45", "100", "physical"),("stomp", "normal", "65", "100", "physical"),("double-kick", "fighting", "30", "100", "physical"),("mega-kick", "normal", "120", "75", "physical"),("jump-kick", "fighting", "100", "95", "physical"),("rolling-kick", "fighting", "60", "85", "physical"),("sand-attack", "ground", "null", "100", "status"),("headbutt", "normal", "70", "100", "physical"),("horn-attack", "normal", "65", "100", "physical"),("fury-attack", "normal", "15", "85", "physical"),("horn-drill", "normal", "null", "30", "physical"),("tackle", "normal", "40", "100", "physical"),("body-slam", "normal", "85", "100", "physical"),("wrap", "normal", "15", "90", "physical"),("take-down", "normal", "90", "85", "physical"),("thrash", "normal", "120", "100", "physical"),("double-edge", "normal", "120", "100", "physical"),("tail-whip", "normal", "null", "100", "status"),("poison-sting", "poison", "15", "100", "physical"),("twineedle", "bug", "25", "100", "physical"),("pin-missile", "bug", "25", "95", "physical"),("leer", "normal", "null", "100", "status"),("bite", "dark", "60", "100", "physical"),("growl", "normal", "null", "100", "status"),("roar", "normal", "null", "null", "status"),("sing", "normal", "null", "55", "status"),("supersonic", "normal", "null", "55", "status"),("sonic-boom", "normal", "null", "90", "special"),("disable", "normal", "null", "100", "status"),("acid", "poison", "40", "100", "special"),("ember", "fire", "40", "100", "special"),("flamethrower", "fire", "90", "100", "special"),("mist", "ice", "null", "null", "status"),("water-gun", "water", "40", "100", "special"),("hydro-pump", "water", "110", "80", "special"),("surf", "water", "90", "100", "special"),("ice-beam", "ice", "90", "100", "special"),("blizzard", "ice", "110", "70", "special"),("psybeam", "psychic", "65", "100", "special"),("bubble-beam", "water", "65", "100", "special"),("aurora-beam", "ice", "65", "100", "special"),("hyper-beam", "normal", "150", "90", "special"),("peck", "flying", "35", "100", "physical"),("drill-peck", "flying", "80", "100", "physical"),("submission", "fighting", "80", "80", "physical"),("low-kick", "fighting", "null", "100", "physical"),("counter", "fighting", "null", "100", "physical"),("seismic-toss", "fighting", "null", "100", "physical"),("strength", "normal", "80", "100", "physical"),("absorb", "grass", "20", "100", "special"),("mega-drain", "grass", "40", "100", "special"),("leech-seed", "grass", "null", "90", "status"),("growth", "normal", "null", "null", "status"),("razor-leaf", "grass", "55", "95", "physical"),("solar-beam", "grass", "120", "100", "special"),("poison-powder", "poison", "null", "75", "status"),("stun-spore", "grass", "null", "75", "status"),("sleep-powder", "grass", "null", "75", "status"),("petal-dance", "grass", "120", "100", "special"),("string-shot", "bug", "null", "95", "status"),("dragon-rage", "dragon", "null", "100", "special"),("fire-spin", "fire", "35", "85", "special"),("thunder-shock", "electric", "40", "100", "special"),("thunderbolt", "electric", "90", "100", "special"),("thunder-wave", "electric", "null", "90", "status"),("thunder", "electric", "110", "70", "special"),("rock-throw", "rock", "50", "90", "physical"),("earthquake", "ground", "100", "100", "physical"),("fissure", "ground", "null", "30", "physical"),("dig", "ground", "80", "100", "physical"),("toxic", "poison", "null", "90", "status"),("confusion", "psychic", "50", "100", "special"),("psychic", "psychic", "90", "100", "special"),("hypnosis", "psychic", "null", "60", "status"),("meditate", "psychic", "null", "null", "status"),("agility", "psychic", "null", "null", "status"),("quick-attack", "normal", "40", "100", "physical"),("rage", "normal", "20", "100", "physical"),("teleport", "psychic", "null", "null", "status"),("night-shade", "ghost", "null", "100", "special"),("mimic", "normal", "null", "null", "status"),("screech", "normal", "null", "85", "status"),("double-team", "normal", "null", "null", "status"),("recover", "normal", "null", "null", "status"),("harden", "normal", "null", "null", "status"),("minimize", "normal", "null", "null", "status"),("smokescreen", "normal", "null", "100", "status"),("confuse-ray", "ghost", "null", "100", "status"),("withdraw", "water", "null", "null", "status"),("defense-curl", "normal", "null", "null", "status"),("barrier", "psychic", "null", "null", "status"),("light-screen", "psychic", "null", "null", "status"),("haze", "ice", "null", "null", "status"),("reflect", "psychic", "null", "null", "status"),("focus-energy", "normal", "null", "null", "status"),("bide", "normal", "null", "null", "physical"),("metronome", "normal", "null", "null", "status"),("mirror-move", "flying", "null", "null", "status"),("self-destruct", "normal", "200", "100", "physical"),("egg-bomb", "normal", "100", "75", "physical"),("lick", "ghost", "30", "100", "physical"),("smog", "poison", "30", "70", "special"),("sludge", "poison", "65", "100", "special"),("bone-club", "ground", "65", "85", "physical"),("fire-blast", "fire", "110", "85", "special"),("waterfall", "water", "80", "100", "physical"),("clamp", "water", "35", "85", "physical"),("swift", "normal", "60", "null", "special"),("skull-bash", "normal", "130", "100", "physical"),("spike-cannon", "normal", "20", "100", "physical"),("constrict", "normal", "10", "100", "physical"),("amnesia", "psychic", "null", "null", "status"),("kinesis", "psychic", "null", "80", "status"),("soft-boiled", "normal", "null", "null", "status"),("high-jump-kick", "fighting", "130", "90", "physical"),("glare", "normal", "null", "100", "status"),("dream-eater", "psychic", "100", "100", "special"),("poison-gas", "poison", "null", "90", "status"),("barrage", "normal", "15", "85", "physical"),("leech-life", "bug", "80", "100", "physical"),("lovely-kiss", "normal", "null", "75", "status"),("sky-attack", "flying", "140", "90", "physical"),("transform", "normal", "null", "null", "status"),("bubble", "water", "40", "100", "special"),("dizzy-punch", "normal", "70", "100", "physical"),("spore", "grass", "null", "100", "status"),("flash", "normal", "null", "100", "status"),("psywave", "psychic", "null", "100", "special"),("splash", "normal", "null", "null", "status"),("acid-armor", "poison", "null", "null", "status"),("crabhammer", "water", "100", "90", "physical"),("explosion", "normal", "250", "100", "physical"),("fury-swipes", "normal", "18", "80", "physical"),("bonemerang", "ground", "50", "90", "physical"),("rest", "psychic", "null", "null", "status"),("rock-slide", "rock", "75", "90", "physical"),("hyper-fang", "normal", "80", "90", "physical"),("sharpen", "normal", "null", "null", "status"),("conversion", "normal", "null", "null", "status"),("tri-attack", "normal", "80", "100", "special"),("super-fang", "normal", "null", "90", "physical"),("slash", "normal", "70", "100", "physical"),("substitute", "normal", "null", "null", "status"),("struggle", "normal", "50", "null", "physical"),("sketch", "normal", "null", "null", "status"),("triple-kick", "fighting", "10", "90", "physical"),("thief", "dark", "60", "100", "physical"),("spider-web", "bug", "null", "null", "status"),("mind-reader", "normal", "null", "null", "status"),("nightmare", "ghost", "null", "100", "status"),("flame-wheel", "fire", "60", "100", "physical"),("snore", "normal", "50", "100", "special"),("curse", "ghost", "null", "null", "status"),("flail", "normal", "null", "100", "physical"),("conversion-2", "normal", "null", "null", "status"),("aeroblast", "flying", "100", "95", "special"),("cotton-spore", "grass", "null", "100", "status"),("reversal", "fighting", "null", "100", "physical"),("spite", "ghost", "null", "100", "status"),("powder-snow", "ice", "40", "100", "special"),("protect", "normal", "null", "null", "status"),("mach-punch", "fighting", "40", "100", "physical"),("scary-face", "normal", "null", "100", "status"),("feint-attack", "dark", "60", "null", "physical"),("sweet-kiss", "fairy", "null", "75", "status"),("belly-drum", "normal", "null", "null", "status"),("sludge-bomb", "poison", "90", "100", "special"),("mud-slap", "ground", "20", "100", "special"),("octazooka", "water", "65", "85", "special"),("spikes", "ground", "null", "null", "status"),("zap-cannon", "electric", "120", "50", "special"),("foresight", "normal", "null", "null", "status"),("destiny-bond", "ghost", "null", "null", "status"),("perish-song", "normal", "null", "null", "status"),("icy-wind", "ice", "55", "95", "special"),("detect", "fighting", "null", "null", "status"),("bone-rush", "ground", "25", "90", "physical"),("lock-on", "normal", "null", "null", "status"),("outrage", "dragon", "120", "100", "physical"),("sandstorm", "rock", "null", "null", "status"),("giga-drain", "grass", "75", "100", "special"),("endure", "normal", "null", "null", "status"),("charm", "fairy", "null", "100", "status"),("rollout", "rock", "30", "90", "physical"),("false-swipe", "normal", "40", "100", "physical"),("swagger", "normal", "null", "85", "status"),("milk-drink", "normal", "null", "null", "status"),("spark", "electric", "65", "100", "physical"),("fury-cutter", "bug", "40", "95", "physical"),("steel-wing", "steel", "70", "90", "physical"),("mean-look", "normal", "null", "null", "status"),("attract", "normal", "null", "100", "status"),("sleep-talk", "normal", "null", "null", "status"),("heal-bell", "normal", "null", "null", "status"),("return", "normal", "null", "100", "physical"),("present", "normal", "null", "90", "physical"),("frustration", "normal", "null", "100", "physical"),("safeguard", "normal", "null", "null", "status"),("pain-split", "normal", "null", "null", "status"),("sacred-fire", "fire", "100", "95", "physical"),("magnitude", "ground", "null", "100", "physical"),("dynamic-punch", "fighting", "100", "50", "physical"),("megahorn", "bug", "120", "85", "physical"),("dragon-breath", "dragon", "60", "100", "special"),("baton-pass", "normal", "null", "null", "status"),("encore", "normal", "null", "100", "status"),("pursuit", "dark", "40", "100", "physical"),("rapid-spin", "normal", "50", "100", "physical"),("sweet-scent", "normal", "null", "100", "status"),("iron-tail", "steel", "100", "75", "physical"),("metal-claw", "steel", "50", "95", "physical"),("vital-throw", "fighting", "70", "null", "physical"),("morning-sun", "normal", "null", "null", "status"),("synthesis", "grass", "null", "null", "status"),("moonlight", "fairy", "null", "null", "status"),("hidden-power", "normal", "60", "100", "special"),("cross-chop", "fighting", "100", "80", "physical"),("twister", "dragon", "40", "100", "special"),("rain-dance", "water", "null", "null", "status"),("sunny-day", "fire", "null", "null", "status"),("crunch", "dark", "80", "100", "physical"),("mirror-coat", "psychic", "null", "100", "special"),("psych-up", "normal", "null", "null", "status"),("extreme-speed", "normal", "80", "100", "physical"),("ancient-power", "rock", "60", "100", "special"),("shadow-ball", "ghost", "80", "100", "special"),("future-sight", "psychic", "120", "100", "special"),("rock-smash", "fighting", "40", "100", "physical"),("whirlpool", "water", "35", "85", "special"),("beat-up", "dark", "null", "100", "physical"),("fake-out", "normal", "40", "100", "physical"),("uproar", "normal", "90", "100", "special"),("stockpile", "normal", "null", "null", "status"),("spit-up", "normal", "null", "100", "special"),("swallow", "normal", "null", "null", "status"),("heat-wave", "fire", "95", "90", "special"),("hail", "ice", "null", "null", "status"),("torment", "dark", "null", "100", "status"),("flatter", "dark", "null", "100", "status"),("will-o-wisp", "fire", "null", "85", "status"),("memento", "dark", "null", "100", "status"),("facade", "normal", "70", "100", "physical"),("focus-punch", "fighting", "150", "100", "physical"),("smelling-salts", "normal", "70", "100", "physical"),("follow-me", "normal", "null", "null", "status"),("nature-power", "normal", "null", "null", "status"),("charge", "electric", "null", "null", "status"),("taunt", "dark", "null", "100", "status"),("helping-hand", "normal", "null", "null", "status"),("trick", "psychic", "null", "100", "status"),("role-play", "psychic", "null", "null", "status"),("wish", "normal", "null", "null", "status"),("assist", "normal", "null", "null", "status"),("ingrain", "grass", "null", "null", "status"),("superpower", "fighting", "120", "100", "physical"),("magic-coat", "psychic", "null", "null", "status"),("recycle", "normal", "null", "null", "status"),("revenge", "fighting", "60", "100", "physical"),("brick-break", "fighting", "75", "100", "physical"),("yawn", "normal", "null", "null", "status"),("knock-off", "dark", "65", "100", "physical"),("endeavor", "normal", "null", "100", "physical"),("eruption", "fire", "150", "100", "special"),("skill-swap", "psychic", "null", "null", "status"),("imprison", "psychic", "null", "null", "status"),("refresh", "normal", "null", "null", "status"),("grudge", "ghost", "null", "null", "status"),("snatch", "dark", "null", "null", "status"),("secret-power", "normal", "70", "100", "physical"),("dive", "water", "80", "100", "physical"),("arm-thrust", "fighting", "15", "100", "physical"),("camouflage", "normal", "null", "null", "status"),("tail-glow", "bug", "null", "null", "status"),("luster-purge", "psychic", "70", "100", "special"),("mist-ball", "psychic", "70", "100", "special"),("feather-dance", "flying", "null", "100", "status"),("teeter-dance", "normal", "null", "100", "status"),("blaze-kick", "fire", "85", "90", "physical"),("mud-sport", "ground", "null", "null", "status"),("ice-ball", "ice", "30", "90", "physical"),("needle-arm", "grass", "60", "100", "physical"),("slack-off", "normal", "null", "null", "status"),("hyper-voice", "normal", "90", "100", "special"),("poison-fang", "poison", "50", "100", "physical"),("crush-claw", "normal", "75", "95", "physical"),("blast-burn", "fire", "150", "90", "special"),("hydro-cannon", "water", "150", "90", "special"),("meteor-mash", "steel", "90", "90", "physical"),("astonish", "ghost", "30", "100", "physical"),("weather-ball", "normal", "50", "100", "special"),("aromatherapy", "grass", "null", "null", "status"),("fake-tears", "dark", "null", "100", "status"),("air-cutter", "flying", "60", "95", "special"),("overheat", "fire", "130", "90", "special"),("odor-sleuth", "normal", "null", "null", "status"),("rock-tomb", "rock", "60", "95", "physical"),("silver-wind", "bug", "60", "100", "special"),("metal-sound", "steel", "null", "85", "status"),("grass-whistle", "grass", "null", "55", "status"),("tickle", "normal", "null", "100", "status"),("cosmic-power", "psychic", "null", "null", "status"),("water-spout", "water", "150", "100", "special"),("signal-beam", "bug", "75", "100", "special"),("shadow-punch", "ghost", "60", "null", "physical"),("extrasensory", "psychic", "80", "100", "special"),("sky-uppercut", "fighting", "85", "90", "physical"),("sand-tomb", "ground", "35", "85", "physical"),("sheer-cold", "ice", "null", "30", "special"),("muddy-water", "water", "90", "85", "special"),("bullet-seed", "grass", "25", "100", "physical"),("aerial-ace", "flying", "60", "null", "physical"),("icicle-spear", "ice", "25", "100", "physical"),("iron-defense", "steel", "null", "null", "status"),("block", "normal", "null", "null", "status"),("howl", "normal", "null", "null", "status"),("dragon-claw", "dragon", "80", "100", "physical"),("frenzy-plant", "grass", "150", "90", "special"),("bulk-up", "fighting", "null", "null", "status"),("bounce", "flying", "85", "85", "physical"),("mud-shot", "ground", "55", "95", "special"),("poison-tail", "poison", "50", "100", "physical"),("covet", "normal", "60", "100", "physical"),("volt-tackle", "electric", "120", "100", "physical"),("magical-leaf", "grass", "60", "null", "special"),("water-sport", "water", "null", "null", "status"),("calm-mind", "psychic", "null", "null", "status"),("leaf-blade", "grass", "90", "100", "physical"),("dragon-dance", "dragon", "null", "null", "status"),("rock-blast", "rock", "25", "90", "physical"),("shock-wave", "electric", "60", "null", "special"),("water-pulse", "water", "60", "100", "special"),("doom-desire", "steel", "140", "100", "special"),("psycho-boost", "psychic", "140", "90", "special"),("roost", "flying", "null", "null", "status"),("gravity", "psychic", "null", "null", "status"),("miracle-eye", "psychic", "null", "null", "status"),("wake-up-slap", "fighting", "70", "100", "physical"),("hammer-arm", "fighting", "100", "90", "physical"),("gyro-ball", "steel", "null", "100", "physical"),("healing-wish", "psychic", "null", "null", "status"),("brine", "water", "65", "100", "special"),("natural-gift", "normal", "null", "100", "physical"),("feint", "normal", "30", "100", "physical"),("pluck", "flying", "60", "100", "physical"),("tailwind", "flying", "null", "null", "status"),("acupressure", "normal", "null", "null", "status"),("metal-burst", "steel", "null", "100", "physical"),("u-turn", "bug", "70", "100", "physical"),("close-combat", "fighting", "120", "100", "physical"),("payback", "dark", "50", "100", "physical"),("assurance", "dark", "60", "100", "physical"),("embargo", "dark", "null", "100", "status"),("fling", "dark", "null", "100", "physical"),("psycho-shift", "psychic", "null", "100", "status"),("trump-card", "normal", "null", "null", "special"),("heal-block", "psychic", "null", "100", "status"),("wring-out", "normal", "null", "100", "special"),("power-trick", "psychic", "null", "null", "status"),("gastro-acid", "poison", "null", "100", "status"),("lucky-chant", "normal", "null", "null", "status"),("me-first", "normal", "null", "null", "status"),("copycat", "normal", "null", "null", "status"),("power-swap", "psychic", "null", "null", "status"),("guard-swap", "psychic", "null", "null", "status"),("punishment", "dark", "null", "100", "physical"),("last-resort", "normal", "140", "100", "physical"),("worry-seed", "grass", "null", "100", "status"),("sucker-punch", "dark", "70", "100", "physical"),("toxic-spikes", "poison", "null", "null", "status"),("heart-swap", "psychic", "null", "null", "status"),("aqua-ring", "water", "null", "null", "status"),("magnet-rise", "electric", "null", "null", "status"),("flare-blitz", "fire", "120", "100", "physical"),("force-palm", "fighting", "60", "100", "physical"),("aura-sphere", "fighting", "80", "null", "special"),("rock-polish", "rock", "null", "null", "status"),("poison-jab", "poison", "80", "100", "physical"),("dark-pulse", "dark", "80", "100", "special"),("night-slash", "dark", "70", "100", "physical"),("aqua-tail", "water", "90", "90", "physical"),("seed-bomb", "grass", "80", "100", "physical"),("air-slash", "flying", "75", "95", "special"),("x-scissor", "bug", "80", "100", "physical"),("bug-buzz", "bug", "90", "100", "special"),("dragon-pulse", "dragon", "85", "100", "special"),("dragon-rush", "dragon", "100", "75", "physical"),("power-gem", "rock", "80", "100", "special"),("drain-punch", "fighting", "75", "100", "physical"),("vacuum-wave", "fighting", "40", "100", "special"),("focus-blast", "fighting", "120", "70", "special"),("energy-ball", "grass", "90", "100", "special"),("brave-bird", "flying", "120", "100", "physical"),("earth-power", "ground", "90", "100", "special"),("switcheroo", "dark", "null", "100", "status"),("giga-impact", "normal", "150", "90", "physical"),("nasty-plot", "dark", "null", "null", "status"),("bullet-punch", "steel", "40", "100", "physical"),("avalanche", "ice", "60", "100", "physical"),("ice-shard", "ice", "40", "100", "physical"),("shadow-claw", "ghost", "70", "100", "physical"),("thunder-fang", "electric", "65", "95", "physical"),("ice-fang", "ice", "65", "95", "physical"),("fire-fang", "fire", "65", "95", "physical"),("shadow-sneak", "ghost", "40", "100", "physical"),("mud-bomb", "ground", "65", "85", "special"),("psycho-cut", "psychic", "70", "100", "physical"),("zen-headbutt", "psychic", "80", "90", "physical"),("mirror-shot", "steel", "65", "85", "special"),("flash-cannon", "steel", "80", "100", "special"),("rock-climb", "normal", "90", "85", "physical"),("defog", "flying", "null", "null", "status"),("trick-room", "psychic", "null", "null", "status"),("draco-meteor", "dragon", "130", "90", "special"),("discharge", "electric", "80", "100", "special"),("lava-plume", "fire", "80", "100", "special"),("leaf-storm", "grass", "130", "90", "special"),("power-whip", "grass", "120", "85", "physical"),("rock-wrecker", "rock", "150", "90", "physical"),("cross-poison", "poison", "70", "100", "physical"),("gunk-shot", "poison", "120", "80", "physical"),("iron-head", "steel", "80", "100", "physical"),("magnet-bomb", "steel", "60", "null", "physical"),("stone-edge", "rock", "100", "80", "physical"),("captivate", "normal", "null", "100", "status"),("stealth-rock", "rock", "null", "null", "status"),("grass-knot", "grass", "null", "100", "special"),("chatter", "flying", "65", "100", "special"),("judgment", "normal", "100", "100", "special"),("bug-bite", "bug", "60", "100", "physical"),("charge-beam", "electric", "50", "90", "special"),("wood-hammer", "grass", "120", "100", "physical"),("aqua-jet", "water", "40", "100", "physical"),("attack-order", "bug", "90", "100", "physical"),("defend-order", "bug", "null", "null", "status"),("heal-order", "bug", "null", "null", "status"),("head-smash", "rock", "150", "80", "physical"),("double-hit", "normal", "35", "90", "physical"),("roar-of-time", "dragon", "150", "90", "special"),("spacial-rend", "dragon", "100", "95", "special"),("lunar-dance", "psychic", "null", "null", "status"),("crush-grip", "normal", "null", "100", "physical"),("magma-storm", "fire", "100", "75", "special"),("dark-void", "dark", "null", "50", "status"),("seed-flare", "grass", "120", "85", "special"),("ominous-wind", "ghost", "60", "100", "special"),("shadow-force", "ghost", "120", "100", "physical"),("hone-claws", "dark", "null", "null", "status"),("wide-guard", "rock", "null", "null", "status"),("guard-split", "psychic", "null", "null", "status"),("power-split", "psychic", "null", "null", "status"),("wonder-room", "psychic", "null", "null", "status"),("psyshock", "psychic", "80", "100", "special"),("venoshock", "poison", "65", "100", "special"),("autotomize", "steel", "null", "null", "status"),("rage-powder", "bug", "null", "null", "status"),("telekinesis", "psychic", "null", "null", "status"),("magic-room", "psychic", "null", "null", "status"),("smack-down", "rock", "50", "100", "physical"),("storm-throw", "fighting", "60", "100", "physical"),("flame-burst", "fire", "70", "100", "special"),("sludge-wave", "poison", "95", "100", "special"),("quiver-dance", "bug", "null", "null", "status"),("heavy-slam", "steel", "null", "100", "physical"),("synchronoise", "psychic", "120", "100", "special"),("electro-ball", "electric", "null", "100", "special"),("soak", "water", "null", "100", "status"),("flame-charge", "fire", "50", "100", "physical"),("coil", "poison", "null", "null", "status"),("low-sweep", "fighting", "65", "100", "physical"),("acid-spray", "poison", "40", "100", "special"),("foul-play", "dark", "95", "100", "physical"),("simple-beam", "normal", "null", "100", "status"),("entrainment", "normal", "null", "100", "status"),("after-you", "normal", "null", "null", "status"),("round", "normal", "60", "100", "special"),("echoed-voice", "normal", "40", "100", "special"),("chip-away", "normal", "70", "100", "physical"),("clear-smog", "poison", "50", "null", "special"),("stored-power", "psychic", "20", "100", "special"),("quick-guard", "fighting", "null", "null", "status"),("ally-switch", "psychic", "null", "null", "status"),("scald", "water", "80", "100", "special"),("shell-smash", "normal", "null", "null", "status"),("heal-pulse", "psychic", "null", "null", "status"),("hex", "ghost", "65", "100", "special"),("sky-drop", "flying", "60", "100", "physical"),("shift-gear", "steel", "null", "null", "status"),("circle-throw", "fighting", "60", "90", "physical"),("incinerate", "fire", "60", "100", "special"),("quash", "dark", "null", "100", "status"),("acrobatics", "flying", "55", "100", "physical"),("reflect-type", "normal", "null", "null", "status"),("retaliate", "normal", "70", "100", "physical"),("final-gambit", "fighting", "null", "100", "special"),("bestow", "normal", "null", "null", "status"),("inferno", "fire", "100", "50", "special"),("water-pledge", "water", "80", "100", "special"),("fire-pledge", "fire", "80", "100", "special"),("grass-pledge", "grass", "80", "100", "special"),("volt-switch", "electric", "70", "100", "special"),("struggle-bug", "bug", "50", "100", "special"),("bulldoze", "ground", "60", "100", "physical"),("frost-breath", "ice", "60", "90", "special"),("dragon-tail", "dragon", "60", "90", "physical"),("work-up", "normal", "null", "null", "status"),("electroweb", "electric", "55", "95", "special"),("wild-charge", "electric", "90", "100", "physical"),("drill-run", "ground", "80", "95", "physical"),("dual-chop", "dragon", "40", "90", "physical"),("heart-stamp", "psychic", "60", "100", "physical"),("horn-leech", "grass", "75", "100", "physical"),("sacred-sword", "fighting", "90", "100", "physical"),("razor-shell", "water", "75", "95", "physical"),("heat-crash", "fire", "null", "100", "physical"),("leaf-tornado", "grass", "65", "90", "special"),("steamroller", "bug", "65", "100", "physical"),("cotton-guard", "grass", "null", "null", "status"),("night-daze", "dark", "85", "95", "special"),("psystrike", "psychic", "100", "100", "special"),("tail-slap", "normal", "25", "85", "physical"),("hurricane", "flying", "110", "70", "special"),("head-charge", "normal", "120", "100", "physical"),("gear-grind", "steel", "50", "85", "physical"),("searing-shot", "fire", "100", "100", "special"),("techno-blast", "normal", "120", "100", "special"),("relic-song", "normal", "75", "100", "special"),("secret-sword", "fighting", "85", "100", "special"),("glaciate", "ice", "65", "95", "special"),("bolt-strike", "electric", "130", "85", "physical"),("blue-flare", "fire", "130", "85", "special"),("fiery-dance", "fire", "80", "100", "special"),("freeze-shock", "ice", "140", "90", "physical"),("ice-burn", "ice", "140", "90", "special"),("snarl", "dark", "55", "95", "special"),("icicle-crash", "ice", "85", "90", "physical"),("v-create", "fire", "180", "95", "physical"),("fusion-flare", "fire", "100", "100", "special"),("fusion-bolt", "electric", "100", "100", "physical"),("flying-press", "fighting", "100", "95", "physical"),("mat-block", "fighting", "null", "null", "status"),("belch", "poison", "120", "90", "special"),("rototiller", "ground", "null", "null", "status"),("sticky-web", "bug", "null", "null", "status"),("fell-stinger", "bug", "50", "100", "physical"),("phantom-force", "ghost", "90", "100", "physical"),("trick-or-treat", "ghost", "null", "100", "status"),("noble-roar", "normal", "null", "100", "status"),("ion-deluge", "electric", "null", "null", "status"),("parabolic-charge", "electric", "65", "100", "special"),("forests-curse", "grass", "null", "100", "status"),("petal-blizzard", "grass", "90", "100", "physical"),("freeze-dry", "ice", "70", "100", "special"),("disarming-voice", "fairy", "40", "null", "special"),("parting-shot", "dark", "null", "100", "status"),("topsy-turvy", "dark", "null", "null", "status"),("draining-kiss", "fairy", "50", "100", "special"),("crafty-shield", "fairy", "null", "null", "status"),("flower-shield", "fairy", "null", "null", "status"),("grassy-terrain", "grass", "null", "null", "status"),("misty-terrain", "fairy", "null", "null", "status"),("electrify", "electric", "null", "null", "status"),("play-rough", "fairy", "90", "90", "physical"),("fairy-wind", "fairy", "40", "100", "special"),("moonblast", "fairy", "95", "100", "special"),("boomburst", "normal", "140", "100", "special"),("fairy-lock", "fairy", "null", "null", "status"),("kings-shield", "steel", "null", "null", "status"),("play-nice", "normal", "null", "null", "status"),("confide", "normal", "null", "null", "status"),("diamond-storm", "rock", "100", "95", "physical"),("steam-eruption", "water", "110", "95", "special"),("hyperspace-hole", "psychic", "80", "null", "special"),("water-shuriken", "water", "15", "100", "special"),("mystical-fire", "fire", "75", "100", "special"),("spiky-shield", "grass", "null", "null", "status"),("aromatic-mist", "fairy", "null", "null", "status"),("eerie-impulse", "electric", "null", "100", "status"),("venom-drench", "poison", "null", "100", "status"),("powder", "bug", "null", "100", "status"),("geomancy", "fairy", "null", "null", "status"),("magnetic-flux", "electric", "null", "null", "status"),("happy-hour", "normal", "null", "null", "status"),("electric-terrain", "electric", "null", "null", "status"),("dazzling-gleam", "fairy", "80", "100", "special"),("celebrate", "normal", "null", "null", "status"),("hold-hands", "normal", "null", "null", "status"),("baby-doll-eyes", "fairy", "null", "100", "status"),("nuzzle", "electric", "20", "100", "physical"),("hold-back", "normal", "40", "100", "physical"),("infestation", "bug", "20", "100", "special"),("power-up-punch", "fighting", "40", "100", "physical"),("oblivion-wing", "flying", "80", "100", "special"),("thousand-arrows", "ground", "90", "100", "physical"),("thousand-waves", "ground", "90", "100", "physical"),("lands-wrath", "ground", "90", "100", "physical"),("light-of-ruin", "fairy", "140", "90", "special"),("origin-pulse", "water", "110", "85", "special"),("precipice-blades", "ground", "120", "85", "physical"),("dragon-ascent", "flying", "120", "100", "physical"),("hyperspace-fury", "dark", "100", "null", "physical"),("breakneck-blitz--physical", "normal", "null", "null", "physical"),("breakneck-blitz--special", "normal", "null", "null", "special"),("all-out-pummeling--physical", "fighting", "null", "null", "physical"),("all-out-pummeling--special", "fighting", "null", "null", "special"),("supersonic-skystrike--physical", "flying", "null", "null", "physical"),("supersonic-skystrike--special", "flying", "null", "null", "special"),("acid-downpour--physical", "poison", "null", "null", "physical"),("acid-downpour--special", "poison", "null", "null", "special"),("tectonic-rage--physical", "ground", "null", "null", "physical"),("tectonic-rage--special", "ground", "null", "null", "special"),("continental-crush--physical", "rock", "null", "null", "physical"),("continental-crush--special", "rock", "null", "null", "special"),("savage-spin-out--physical", "bug", "null", "null", "physical"),("savage-spin-out--special", "bug", "null", "null", "special"),("never-ending-nightmare--physical", "ghost", "null", "null", "physical"),("never-ending-nightmare--special", "ghost", "null", "null", "special"),("corkscrew-crash--physical", "steel", "null", "null", "physical"),("corkscrew-crash--special", "steel", "null", "null", "special"),("inferno-overdrive--physical", "fire", "null", "null", "physical"),("inferno-overdrive--special", "fire", "null", "null", "special"),("hydro-vortex--physical", "water", "null", "null", "physical"),("hydro-vortex--special", "water", "null", "null", "special"),("bloom-doom--physical", "grass", "null", "null", "physical"),("bloom-doom--special", "grass", "null", "null", "special"),("gigavolt-havoc--physical", "electric", "null", "null", "physical"),("gigavolt-havoc--special", "electric", "null", "null", "special"),("shattered-psyche--physical", "psychic", "null", "null", "physical"),("shattered-psyche--special", "psychic", "null", "null", "special"),("subzero-slammer--physical", "ice", "null", "null", "physical"),("subzero-slammer--special", "ice", "null", "null", "special"),("devastating-drake--physical", "dragon", "null", "null", "physical"),("devastating-drake--special", "dragon", "null", "null", "special"),("black-hole-eclipse--physical", "dark", "null", "null", "physical"),("black-hole-eclipse--special", "dark", "null", "null", "special"),("twinkle-tackle--physical", "fairy", "null", "null", "physical"),("twinkle-tackle--special", "fairy", "null", "null", "special"),("catastropika", "electric", "210", "null", "physical"),("shore-up", "ground", "null", "null", "status"),("first-impression", "bug", "90", "100", "physical"),("baneful-bunker", "poison", "null", "null", "status"),("spirit-shackle", "ghost", "80", "100", "physical"),("darkest-lariat", "dark", "85", "100", "physical"),("sparkling-aria", "water", "90", "100", "special"),("ice-hammer", "ice", "100", "90", "physical"),("floral-healing", "fairy", "null", "null", "status"),("high-horsepower", "ground", "95", "95", "physical"),("strength-sap", "grass", "null", "100", "status"),("solar-blade", "grass", "125", "100", "physical"),("leafage", "grass", "40", "100", "physical"),("spotlight", "normal", "null", "null", "status"),("toxic-thread", "poison", "null", "100", "status"),("laser-focus", "normal", "null", "null", "status"),("gear-up", "steel", "null", "null", "status"),("throat-chop", "dark", "80", "100", "physical"),("pollen-puff", "bug", "90", "100", "special"),("anchor-shot", "steel", "80", "100", "physical"),("psychic-terrain", "psychic", "null", "null", "status"),("lunge", "bug", "80", "100", "physical"),("fire-lash", "fire", "80", "100", "physical"),("power-trip", "dark", "20", "100", "physical"),("burn-up", "fire", "130", "100", "special"),("speed-swap", "psychic", "null", "null", "status"),("smart-strike", "steel", "70", "null", "physical"),("purify", "poison", "null", "null", "status"),("revelation-dance", "normal", "90", "100", "special"),("core-enforcer", "dragon", "100", "100", "special"),("trop-kick", "grass", "70", "100", "physical"),("instruct", "psychic", "null", "null", "status"),("beak-blast", "flying", "100", "100", "physical"),("clanging-scales", "dragon", "110", "100", "special"),("dragon-hammer", "dragon", "90", "100", "physical"),("brutal-swing", "dark", "60", "100", "physical"),("aurora-veil", "ice", "null", "null", "status"),("sinister-arrow-raid", "ghost", "180", "null", "physical"),("malicious-moonsault", "dark", "180", "null", "physical"),("oceanic-operetta", "water", "195", "null", "special"),("guardian-of-alola", "fairy", "null", "null", "special"),("soul-stealing-7-star-strike", "ghost", "195", "null", "physical"),("stoked-sparksurfer", "electric", "175", "null", "special"),("pulverizing-pancake", "normal", "210", "null", "physical"),("extreme-evoboost", "normal", "null", "null", "status"),("genesis-supernova", "psychic", "185", "null", "special"),("shell-trap", "fire", "150", "100", "special"),("fleur-cannon", "fairy", "130", "90", "special"),("psychic-fangs", "psychic", "85", "100", "physical"),("stomping-tantrum", "ground", "75", "100", "physical"),("shadow-bone", "ghost", "85", "100", "physical"),("accelerock", "rock", "40", "100", "physical"),("liquidation", "water", "85", "100", "physical"),("prismatic-laser", "psychic", "160", "100", "special"),("spectral-thief", "ghost", "90", "100", "physical"),("sunsteel-strike", "steel", "100", "100", "physical"),("moongeist-beam", "ghost", "100", "100", "special"),("tearful-look", "normal", "null", "null", "status"),("zing-zap", "electric", "80", "100", "physical"),("natures-madness", "fairy", "null", "90", "special"),("multi-attack", "normal", "90", "100", "physical"),("10-000-000-volt-thunderbolt", "electric", "195", "null", "special"),("mind-blown", "fire", "150", "100", "special"),("plasma-fists", "electric", "100", "100", "physical"),("photon-geyser", "psychic", "100", "100", "special"),("light-that-burns-the-sky", "psychic", "200", "null", "special"),("searing-sunraze-smash", "steel", "200", "null", "physical"),("menacing-moonraze-maelstrom", "ghost", "200", "null", "special"),("lets-snuggle-forever", "fairy", "190", "null", "physical"),("splintered-stormshards", "rock", "190", "null", "physical"),("clangorous-soulblaze", "dragon", "185", "null", "special"),("zippy-zap", "electric", "50", "100", "physical"),("splishy-splash", "water", "90", "100", "special"),("floaty-fall", "flying", "90", "95", "physical"),("pika-papow", "electric", "null", "null", "special"),("bouncy-bubble", "water", "90", "100", "special"),("buzzy-buzz", "electric", "90", "100", "special"),("sizzly-slide", "fire", "90", "100", "physical"),("glitzy-glow", "psychic", "90", "100", "special"),("baddy-bad", "dark", "90", "100", "special"),("sappy-seed", "grass", "90", "100", "physical"),("freezy-frost", "ice", "90", "100", "special"),("sparkly-swirl", "fairy", "90", "100", "special"),("veevee-volley", "normal", "null", "null", "physical"),("double-iron-bash", "steel", "60", "100", "physical"),("max-guard", "normal", "null", "null", "status"),("dynamax-cannon", "dragon", "100", "100", "special"),("snipe-shot", "water", "80", "100", "special"),("jaw-lock", "dark", "80", "100", "physical"),("stuff-cheeks", "normal", "null", "null", "status"),("no-retreat", "fighting", "null", "null", "status"),("tar-shot", "rock", "null", "100", "status"),("magic-powder", "psychic", "null", "100", "status"),("dragon-darts", "dragon", "50", "100", "physical"),("teatime", "normal", "null", "null", "status"),("octolock", "fighting", "null", "100", "status"),("bolt-beak", "electric", "85", "100", "physical"),("fishious-rend", "water", "85", "100", "physical"),("court-change", "normal", "null", "100", "status"),("clangorous-soul", "dragon", "null", "100", "status"),("body-press", "fighting", "80", "100", "physical"),("decorate", "fairy", "null", "null", "status"),("drum-beating", "grass", "80", "100", "physical"),("snap-trap", "grass", "35", "100", "physical"),("pyro-ball", "fire", "120", "90", "physical"),("behemoth-blade", "steel", "100", "100", "physical"),("behemoth-bash", "steel", "100", "100", "physical"),("aura-wheel", "electric", "110", "100", "physical"),("breaking-swipe", "dragon", "60", "100", "physical"),("branch-poke", "grass", "40", "100", "physical"),("overdrive", "electric", "80", "100", "special"),("apple-acid", "grass", "80", "100", "special"),("grav-apple", "grass", "80", "100", "physical"),("spirit-break", "fairy", "75", "100", "physical"),("strange-steam", "fairy", "90", "95", "special"),("life-dew", "water", "null", "null", "status"),("obstruct", "dark", "null", "100", "status"),("false-surrender", "dark", "80", "null", "physical"),("meteor-assault", "fighting", "150", "100", "physical"),("eternabeam", "dragon", "160", "90", "special"),("steel-beam", "steel", "140", "95", "special"),("expanding-force", "psychic", "80", "100", "special"),("steel-roller", "steel", "130", "100", "physical"),("scale-shot", "dragon", "25", "90", "physical"),("meteor-beam", "rock", "120", "90", "special"),("shell-side-arm", "poison", "90", "100", "special"),("misty-explosion", "fairy", "100", "100", "special"),("grassy-glide", "grass", "70", "100", "physical"),("rising-voltage", "electric", "70", "100", "special"),("terrain-pulse", "normal", "50", "100", "special"),("skitter-smack", "bug", "70", "90", "physical"),("burning-jealousy", "fire", "70", "100", "special"),("lash-out", "dark", "75", "100", "physical"),("poltergeist", "ghost", "110", "90", "physical"),("corrosive-gas", "poison", "null", "100", "status"),("coaching", "fighting", "null", "null", "status"),("flip-turn", "water", "60", "100", "physical"),("triple-axel", "ice", "20", "90", "physical"),("dual-wingbeat", "flying", "40", "90", "physical"),("scorching-sands", "ground", "70", "100", "special"),("jungle-healing", "grass", "null", "null", "status"),("wicked-blow", "dark", "80", "100", "physical"),("surging-strikes", "water", "25", "100", "physical"),("thunder-cage", "electric", "80", "90", "special"),("dragon-energy", "dragon", "150", "100", "special"),("freezing-glare", "psychic", "90", "100", "special"),("fiery-wrath", "dark", "90", "100", "special"),("thunderous-kick", "fighting", "90", "100", "physical"),("glacial-lance", "ice", "130", "100", "physical"),("astral-barrage", "ghost", "120", "100", "special"),("eerie-spell", "psychic", "80", "100", "special");

INSERT INTO Item (Name, Type, Effect) VALUES ("cheri-berry", "medicine", "Held: Consumed when paralyzed to cure paralysis."),("chesto-berry", "medicine", "Held: Consumed when asleep to cure sleep."),("pecha-berry", "medicine", "Held: Consumed when poisoned to cure poison."),("rawst-berry", "medicine", "Held: Consumed when burned to cure a burn."),("aspear-berry", "medicine", "Held: Consumed when frozen to cure frozen."),("leppa-berry", "medicine", "Held: Consumed when a move runs out of PP to restore its PP by 10."),("oran-berry", "medicine", "Held: Consumed at 1/2 max HP to recover 10 HP."),("persim-berry", "medicine", "Held: Consumed when confused to cure confusion."),("lum-berry", "medicine", "Held: Consumed to cure any status condition or confusion."),("sitrus-berry", "medicine", "Held: Consumed at 1/2 max HP to recover 1/4 max HP."),("figy-berry", "picky-healing", "Held: Consumed at 1/2 max HP to restore 1/8 max HP. Confuses Pokmon that dislike spicy flavor."),("wiki-berry", "picky-healing", "Held: Consumed at 1/2 max HP to restore 1/8 max HP. Confuses Pokmon that dislike dry flavor."),("mago-berry", "picky-healing", "Held: Consumed at 1/2 max HP to restore 1/8 max HP. Confuses Pokmon that dislike sweet flavor."),("aguav-berry", "picky-healing", "Held: Consumed at 1/2 max HP to restore 1/8 max HP. Confuses Pokmon that dislike bitter flavor."),("iapapa-berry", "picky-healing", "Held: Consumed at 1/2 max HP to restore 1/8 max HP. Confuses Pokmon that dislike sour flavor."),("occa-berry", "type-protection", "Held: Consumed when struck by a super-effective Fire-type attack to halve the damage."),("passho-berry", "type-protection", "Held: Consumed when struck by a super-effective Water-type attack to halve the damage."),("wacan-berry", "type-protection", "Held: Consumed when struck by a super-effective Electric-type attack to halve the damage."),("rindo-berry", "type-protection", "Held: Consumed when struck by a super-effective Grass-type attack to halve the damage."),("yache-berry", "type-protection", "Held: Consumed when struck by a super-effective Ice-type attack to halve the damage."),("chople-berry", "type-protection", "Held: Consumed when struck by a super-effective Fighting-type attack to halve the damage."),("kebia-berry", "type-protection", "Held: Consumed when struck by a super-effective Poison-type attack to halve the damage."),("shuca-berry", "type-protection", "Held: Consumed when struck by a super-effective Ground-type attack to halve the damage."),("coba-berry", "type-protection", "Held: Consumed when struck by a super-effective Flying-type attack to halve the damage."),("payapa-berry", "type-protection", "Held: Consumed when struck by a super-effective Psychic-type attack to halve the damage."),("tanga-berry", "type-protection", "Held: Consumed when struck by a super-effective Bug-type attack to halve the damage."),("charti-berry", "type-protection", "Held: Consumed when struck by a super-effective Rock-type attack to halve the damage."),("kasib-berry", "type-protection", "Held: Consumed when struck by a super-effective Ghost-type attack to halve the damage."),("haban-berry", "type-protection", "Held: Consumed when struck by a super-effective Dragon-type attack to halve the damage."),("colbur-berry", "type-protection", "Held: Consumed when struck by a super-effective Dark-type attack to halve the damage."),("babiri-berry", "type-protection", "Held: Consumed when struck by a super-effective Steel-type attack to halve the damage."),("chilan-berry", "type-protection", "Held: Consumed when struck by a Normal-type attack to halve the damage."),("liechi-berry", "in-a-pinch", "Held: Consumed at 1/4 max HP to boost Attack."),("ganlon-berry", "in-a-pinch", "Held: Consumed at 1/4 max HP to boost Defense."),("salac-berry", "in-a-pinch", "Held: Consumed at 1/4 max HP to boost Speed."),("petaya-berry", "in-a-pinch", "Held: Consumed at 1/4 max HP to boost Special Attack."),("apicot-berry", "in-a-pinch", "Held: Consumed at 1/4 max HP to boost Special Defense."),("lansat-berry", "in-a-pinch", "Held: Consumed at 1/4 max HP to boost critical hit ratio by two stages."),("starf-berry", "in-a-pinch", "Held: Consumed at 1/4 max HP to boost a random stat by two stages."),("enigma-berry", "other", "Held: Consumed when struck by a super-effective attack to restore 1/4 max HP."),("micle-berry", "in-a-pinch", "Held: Consumed at 1/4 max HP to boost accuracy of next move by 20%. (Gen IV: Perfect accuracy)"),("custap-berry", "in-a-pinch", "Held: Consumed at 1/4 max HP when using a move to go first."),("jaboca-berry", "other", "Held: Consumed to deal 1/8 attacker's max HP when holder is struck by a physical attack."),("rowap-berry", "other", "Held: Consumed to deal 1/8 attacker's max HP when holder is struck by a special attack."),("bright-powder", "held-items", "Held: Increases the holder's evasion by 1/9 (11 1/9%)."),("white-herb", "held-items", "Held: Resets all lowered stats to normal at end of turn. Consumed after use."),("macho-brace", "effort-training", "Held: Holder gains double effort values from battles, but has halved Speed in battle."),("exp-share", "training", "Held: Half the experience from a battle is split between Pokmon holding this item."),("quick-claw", "held-items", "Held: Holder has a 3/16 (18.75%) chance to move first."),("soothe-bell", "training", "Held: Doubles the happiness earned by the holder."),("mental-herb", "held-items", "Held: Consumed to cure infatuation. Gen V: Also removes Taunt, Encore, Torment, Disable, and Cursed Body."),("choice-band", "choice", "Held: Increases Attack by 50%, but restricts the holder to only one move."),("kings-rock", "held-items", "Held: Damaging moves gain a 10% chance to make their target flinch. Traded on a Poliwhirl: Holder evolves into Politoed. Traded on a Slowpoke: Holder evolves into Slowking."),("silver-powder", "type-enhancement", "Held: Bug-Type moves from holder do 20% more damage."),("amulet-coin", "training", "Held: Doubles the money earned from a battle. Does not stack with Luck Incense."),("smoke-ball", "held-items", "Held: Allows the Holder to escape from any wild battle."),("everstone", "training", "Held: Prevents level-based evolution from occuring."),("focus-band", "held-items", "Held: Holder has 10% chance to survive attacks or self-inflicted damage at 1 HP."),("lucky-egg", "training", "Held: Increases EXP earned in battle by 50%."),("scope-lens", "held-items", "Held: Raises the holder's critical hit ratio by one stage."),("metal-coat", "type-enhancement", "Held: Steel-Type moves from holder do 20% more damage."),("leftovers", "held-items", "Held: Restores 1/16 (6.25%) holder's max HP at the end of each turn."),("soft-sand", "type-enhancement", "Held: Ground-Type moves from holder do 20% more damage."),("hard-stone", "type-enhancement", "Held: Rock-Type moves from holder do 20% more damage."),("miracle-seed", "type-enhancement", "Held: Grass-Type moves from holder do 20% more damage."),("black-glasses", "type-enhancement", "Held: Dark-Type moves from holder do 20% more damage."),("black-belt", "type-enhancement", "Held: Fighting-Type moves from holder do 20% more damage."),("magnet", "type-enhancement", "Held: Electric-Type moves from holder do 20% more damage."),("mystic-water", "type-enhancement", "Held: Water-Type moves from holder do 20% more damage."),("sharp-beak", "type-enhancement", "Held: Flying-Type moves from holder do 20% more damage."),("poison-barb", "type-enhancement", "Held: Poison-Type moves from holder do 20% more damage."),("never-melt-ice", "type-enhancement", "Held: Ice-Type moves from holder do 20% more damage."),("spell-tag", "type-enhancement", "Held: Ghost-Type moves from holder do 20% more damage."),("twisted-spoon", "type-enhancement", "Held: Psychic-Type moves from holder do 20% more damage."),("charcoal", "type-enhancement", "Held: Fire-Type moves from holder do 20% more damage."),("dragon-fang", "type-enhancement", "Held: Dragon-Type moves from holder do 20% more damage."),("silk-scarf", "type-enhancement", "Held: Normal-Type moves from holder do 20% more damage."),("shell-bell", "held-items", "Held: Holder receives 1/8 of the damage it deals when attacking."),("sea-incense", "type-enhancement", "Held: Water-Type moves from holder do 20% more damage. Breeding: Marill or Azumarill beget an Azurill Egg."),("lax-incense", "held-items", "Held: Holder's evasion is increased by 5%. Breeding: Wobbuffet begets a Wynaut Egg."),("red-scarf", "scarves", "Raises the holder's Coolness while in a contest."),("blue-scarf", "scarves", "Raises the holder's Beauty while in a contest."),("pink-scarf", "scarves", "Raises the holder's Cuteness while in a contest."),("green-scarf", "scarves", "Raises the holder's Smartness while in a contest."),("yellow-scarf", "scarves", "Raises the holder's Toughness while in a contest."),("wide-lens", "held-items", "Held: Provides a 1/10 (10%) boost in accuracy to the holder."),("muscle-band", "held-items", "Held: Boosts the damage of physical moves used by the holder by 10%."),("wise-glasses", "held-items", "Held: Boosts the damage of special moves used by the holder by 1/10 (10%)."),("expert-belt", "held-items", "Held: Holder's Super Effective moves do 20% extra damage."),("light-clay", "held-items", "Held: Light Screen and Reflect used by the holder last 8 rounds instead of 5."),("life-orb", "held-items", "Held: Holder's moves inflict 30% extra damage, but cost 10% max HP."),("power-herb", "held-items", "Held: Both turns of a two-turn charge move happen at once. Consumed upon use."),("toxic-orb", "bad-held-items", "Held: Inflicts Toxic on the holder at the end of the turn. Activates after Poison damage would occur."),("flame-orb", "bad-held-items", "Held: Inflicts Burn on the holder at the end of the turn. Activates after Burn damage would occur."),("focus-sash", "held-items", "Held: Holder survives any single-hit attack at 1 HP if at max HP, then the item is consumed."),("zoom-lens", "held-items", "Held: Provides a 1/5 (20%) boost in accuracy if the holder moves after the target."),("metronome", "held-items", "Held: Consectutive uses of the same attack have a cumulative damage boost of 10%. Maximum 100% boost."),("iron-ball", "bad-held-items", "Held: Holder's Speed is halved. Negates all Ground-type immunities, and makes Flying-types take neutral damage from Ground-type moves. Arena Trap. Spikes, and Toxic Spikes affect the holder."),("lagging-tail", "bad-held-items", "Held: Holder moves last in its priority bracket."),("destiny-knot", "held-items", "Held: Infatuates opposing Pokmon when holder is inflicted with infatuation."),("black-sludge", "held-items", "Held: Poison-type holder recovers 1/16 (6.25%) max HP each turn. Non-Poison-Types take 1/8 (12.5%) max HP damage."),("icy-rock", "held-items", "Held: Hail by the holder lasts 8 rounds instead of 5."),("smooth-rock", "held-items", "Held: Sandstorm by the holder lasts 8 rounds instead of 5."),("heat-rock", "held-items", "Held: Sunny Day by the holder lasts 8 rounds instead of 5."),("damp-rock", "held-items", "Held: Rain Dance by the holder lasts 8 rounds instead of 5."),("grip-claw", "held-items", "Held: Holder's multi-turn trapping moves last 5 turns."),("choice-scarf", "choice", "Held: Increases Speed by 50%, but restricts the holder to only one move."),("sticky-barb", "bad-held-items", "Held: Holder takes 1/8 (12.5%) its max HP at the end of each turn. When the holder is hit by a contact move, the attacking Pokmon takes 1/8 its max HP in damage and receive the item if not holding one."),("power-bracer", "effort-training", "Held: Holder gains 4 Attack effort values, but has halved Speed in battle."),("power-belt", "effort-training", "Held: Holder gains 4 Defense effort values, but has halved Speed in battle."),("power-lens", "effort-training", "Held: Holder gains 4 Special Attack effort values, but has halved Speed in battle."),("power-band", "effort-training", "Held: Holder gains 4 Special Defense effort values, but has halved Speed in battle."),("power-anklet", "effort-training", "Held: Holder gains 4 Speed effort values, but has halved Speed in battle."),("power-weight", "effort-training", "Held: Holder gains 4 HP effort values, but has halved Speed in battle."),("shed-shell", "held-items", "Held: Holder can bypass all trapping effects and switch out. Multi-turn moves still cannot be switched out of."),("big-root", "held-items", "Held: Increases HP recovered from draining moves, Ingrain, and Aqua Ring by 3/10 (30%)."),("choice-specs", "choice", "Held: Increases Special Attack by 50%, but restricts the holder to only one move."),("flame-plate", "plates", "Held: Fire-Type moves from holder do 20% more damage. Changes Arceus's and Judgment's type to Fire."),("splash-plate", "plates", "Held: Water-Type moves from holder do 20% more damage. Changes Arceus's and Judgment's type to Water."),("zap-plate", "plates", "Held: Electric-Type moves from holder do 20% more damage. Changes Arceus's and Judgment's type to Electric."),("meadow-plate", "plates", "Held: Grass-Type moves from holder do 20% more damage. Changes Arceus's and Judgment's type to Grass."),("icicle-plate", "plates", "Held: Ice-Type moves from holder do 20% more damage. Changes Arceus's and Judgment's type to Ice."),("fist-plate", "plates", "Held: Fighting-Type moves from holder do 20% more damage. Changes Arceus's and Judgment's type to Fighting."),("toxic-plate", "plates", "Held: Posion-Type moves from holder do 20% more damage. Changes Arceus's and Judgment's type to Posion."),("earth-plate", "plates", "Held: Ground-Type moves from holder do 20% more damage. Changes Arceus's and Judgment's type to Ground."),("sky-plate", "plates", "Held: Flying-Type moves from holder do 20% more damage. Changes Arceus's and Judgment's type to Flying."),("mind-plate", "plates", "Held: Psychic-Type moves from holder do 20% more damage. Changes Arceus's and Judgment's type to Psychic."),("insect-plate", "plates", "Held: Bug-Type moves from holder do 20% more damage. Changes Arceus's and Judgment's type to Bug."),("stone-plate", "plates", "Held: Rock-Type moves from holder do 20% more damage. Changes Arceus's and Judgment's type to Rock."),("spooky-plate", "plates", "Held: Ghost-Type moves from holder do 20% more damage. Changes Arceus's and Judgment's type to Ghost."),("draco-plate", "plates", "Held: Dragon-Type moves from holder do 20% more damage. Changes Arceus's and Judgment's type to Dragon."),("dread-plate", "plates", "Held: Dark-Type moves from holder do 20% more damage. Changes Arceus's and Judgment's type to Dark."),("iron-plate", "plates", "Held: Steel-Type moves from holder do 20% more damage. Changes Arceus's and Judgment's type to Steel."),("odd-incense", "type-enhancement", "Held: Psychic-Type moves from holder do 20% more damage. Breeding: Mr. Mime begets a Mime Jr. Egg."),("rock-incense", "type-enhancement", "Held: Rock-Type moves from holder do 20% more damage. Breeding: Sudowoodo begets a Bonsly Egg."),("full-incense", "bad-held-items", "Held: Holder moves last in its priority bracket. Breeding: Snorlax begets a Munchlax Egg."),("wave-incense", "type-enhancement", "Held: Water-Type moves from holder do 20% more damage. Breeding: Mantine begets a Mantyke Egg."),("rose-incense", "type-enhancement", "Held: Grass-Type moves from holder do 20% more damage. Breeding: Roselia or Roserade beget a Budew Egg."),("luck-incense", "training", "Held: Doubles the money earned from a battle. Does not stack with Amulet Coin. Breeding: Chansey and Blissey beget a Happiny Egg."),("razor-claw", "held-items", "Held: Raises the holder's critical hit ratio by one stage. Held by a Sneasel while levelling up at night: Holder evolves into Weavile."),("razor-fang", "held-items", "Held: Damaging moves gain a 10% chance to make their target flinch. Held by a Gligar while levelling up: Holder evolves into Gliscor.");